video_record_time,test_point_code,x,y
2024-01-25 16:04:29.409409,hn_03-23,1167.619,1573.988
2024-01-25 16:04:43.845845,hn_03-23,1168.999,1571.097
2024-01-25 16:04:51.494494,hn_03-23,1167.689,1571.495
2024-01-25 16:04:59.155155,hn_03-23,1169.532,1570.888
2024-01-25 16:05:06.770000,hn_03-23,1170.752,1568.863
2024-01-25 16:05:14.287287,hn_03-23,1169.823,1569.383
2024-01-25 16:05:21.908908,hn_03-23,1172.02,1568.349
2024-01-25 16:05:29.550000,hn_03-23,1169.917,1567.725
2024-01-25 16:05:37.077077,hn_03-23,1169.034,1571.56
2024-01-25 16:05:44.706706,hn_03-23,1170.771,1568.514
2024-01-25 16:05:52.333300,hn_03-23,1170.413,1572.201
2024-01-25 16:05:59.954954,hn_03-23,1171.126,1569.395
2024-01-25 16:06:07.565565,hn_03-23,1170.288,1571.099
2024-01-25 16:06:15.152152,hn_03-23,1169.348,1570.815
2024-01-25 16:06:22.739739,hn_03-23,1169.636,1570.501
2024-01-25 16:06:30.343343,hn_03-23,1168.561,1571.733
2024-01-25 16:06:37.957957,hn_03-23,1175.05,1564.289
2024-01-25 16:06:45.583583,hn_03-23,1169.553,1570.399
2024-01-25 16:06:53.158158,hn_03-23,1171.526,1568.504
2024-01-25 16:07:00.788788,hn_03-23,1174.986,1565.626
2024-01-25 16:07:08.498498,hn_03-23,1173.529,1565.872
2024-01-25 16:07:16.143143,hn_03-23,1172.468,1564.827
2024-01-25 16:07:23.741741,hn_03-23,1170.513,1570.996
2024-01-25 16:07:31.361361,hn_03-23,1174.244,1568.511
2024-01-25 16:07:39.012012,hn_03-23,1174.834,1566.104
2024-01-25 16:07:46.654654,hn_03-23,1171.794,1563.931
2024-01-25 16:07:54.271271,hn_03-23,1172.386,1568.814
2024-01-25 16:08:01.855855,hn_03-23,1171.15,1569.272
2024-01-25 16:08:09.463463,hn_03-23,1172.638,1570.249
2024-01-25 16:08:17.078078,hn_03-23,1170.589,1567.201
2024-01-25 16:08:24.696696,hn_03-23,1171.967,1565.628
2024-01-25 16:08:32.334334,hn_03-23,1171.667,1569.927
2024-01-25 16:08:40.004004,hn_03-23,1168.563,1569.401
2024-01-25 16:08:47.602602,hn_03-23,1168.5,1572.45
2024-01-25 16:08:55.262262,hn_03-23,1171.432,1569.103
2024-01-25 16:09:02.848848,hn_03-23,1169.872,1568.727
2024-01-25 16:09:10.599599,hn_03-23,1172.836,1567.551
2024-01-25 16:09:18.222222,hn_03-23,1170.869,1567.961
2024-01-25 16:09:25.808808,hn_03-23,1173.402,1561.808
2024-01-25 16:09:33.489489,hn_03-23,1169.546,1566.962
2024-01-25 16:09:41.104104,hn_03-23,1171.309,1566.468
2024-01-25 16:09:48.771771,hn_03-23,1169.184,1570.757
2024-01-25 16:09:56.366366,hn_03-23,1170.86,1566.169
2024-01-25 16:10:03.999999,hn_03-23,1168.937,1569.456
2024-01-25 16:10:11.626200,hn_03-23,1168.695,1570.831
2024-01-25 16:10:19.266266,hn_03-23,1170.739,1567.86
2024-01-25 16:10:26.914914,hn_03-23,1170.265,1570.196
2024-01-25 16:10:34.757500,hn_03-23,1175.679,1561.465
2024-01-25 16:10:42.461461,hn_03-23,1172.1,1562.394
2024-01-25 16:10:50.159159,hn_03-23,1168.324,1568.353
2024-01-25 16:10:57.877877,hn_03-23,1170.189,1565.876
2024-01-25 16:11:05.495495,hn_03-23,1167.46,1570.645
2024-01-25 16:11:13.223223,hn_03-23,1170.331,1569.213
2024-01-25 16:11:21.564564,hn_03-23,1171.075,1566.988
2024-01-25 16:11:29.245245,hn_03-23,1168.791,1568.871
2024-01-25 16:11:36.936936,hn_03-23,1170.25,1568.755
2024-01-25 16:11:44.549549,hn_03-23,1170.436,1575.332
2024-01-25 16:11:52.175175,hn_03-23,1173.701,1567.602
2024-01-25 16:11:59.884884,hn_03-23,1172.949,1564.241
2024-01-25 16:12:07.506506,hn_03-23,1171.431,1568.107
2024-01-25 16:12:15.134134,hn_03-23,1169.738,1566.655
2024-01-25 16:12:22.767767,hn_03-23,1155.607,1592.258
2024-01-25 16:12:30.456456,hn_03-23,1173.932,1566.319
2024-01-25 16:12:38.103103,hn_03-23,1172.61,1568.587
2024-01-25 16:12:45.734734,hn_03-23,1170.332,1563.436
2024-01-25 16:12:53.431431,hn_03-23,1170.07,1569.983
2024-01-25 16:13:01.107107,hn_03-23,1170.669,1564.815
2024-01-25 16:13:08.765765,hn_03-23,1172.563,1567.878
2024-01-25 16:13:16.451451,hn_03-23,1170.861,1565.992
2024-01-25 16:13:24.060600,hn_03-23,1171.361,1566.213
2024-01-25 16:13:31.661661,hn_03-23,1167.62,1570.089
2024-01-25 16:13:39.312312,hn_03-23,1168.781,1571.229
2024-01-25 16:13:46.979979,hn_03-23,1169.634,1570.653
2024-01-25 16:13:54.665665,hn_03-23,1170.987,1569.449
2024-01-25 16:14:02.319319,hn_03-23,1168.376,1571.679
2024-01-25 16:14:09.983983,hn_03-23,1167.093,1573.269
2024-01-25 16:14:17.575575,hn_03-23,1169.923,1569.725
2024-01-25 16:14:25.199199,hn_03-23,1169.453,1571.448
2024-01-25 16:14:32.827827,hn_03-23,1167.676,1571.981
2024-01-25 16:14:40.567567,hn_03-23,1169.578,1569.681
2024-01-25 16:14:48.284284,hn_03-23,1170.784,1571.376
2024-01-25 16:14:55.927927,hn_03-23,1169.398,1573.5
2024-01-25 16:15:03.727200,hn_03-23,1170.163,1568.802
2024-01-25 16:15:11.406406,hn_03-23,1167.026,1572.295
2024-01-25 16:15:19.056056,hn_03-23,1169.315,1571.778
2024-01-25 16:15:26.738738,hn_03-23,1168.29,1573.968
2024-01-25 16:15:34.363363,hn_03-23,1169.326,1573.027
2024-01-25 16:15:42.065065,hn_03-23,1172.161,1570.346
2024-01-25 16:15:49.661661,hn_03-23,1173.046,1568.84
2024-01-25 16:15:57.237237,hn_03-23,1172.949,1567.68
2024-01-25 16:16:04.823823,hn_03-23,1167.653,1572.712
2024-01-25 16:16:13.196196,hn_03-23,1169.704,1570.873
2024-01-25 16:16:21.476476,hn_03-23,1174.166,1568.303
2024-01-25 16:16:29.072072,hn_03-23,1169.511,1570.791
2024-01-25 16:16:36.762762,hn_03-23,1170.454,1568.684
2024-01-25 16:16:44.321321,hn_03-23,1174.617,1564.54
2024-01-25 16:16:51.941941,hn_03-23,1172.11,1566.503
2024-01-25 16:16:59.555500,hn_03-23,1175.2,1564.108
2024-01-25 16:17:07.385385,hn_03-23,1171.415,1566.766
2024-01-25 16:17:14.989800,hn_03-23,1168.185,1569.693
2024-01-25 16:17:22.652652,hn_03-23,1174.921,1562.205
2024-01-25 16:17:30.354354,hn_03-23,1170.782,1564.25
2024-01-25 16:17:37.978978,hn_03-23,1171.326,1563.024
2024-01-25 16:17:45.655655,hn_03-23,1173.651,1562.517
2024-01-25 16:17:53.375375,hn_03-23,1183.217,1565.117
2024-01-25 16:18:01.057057,hn_03-23,1175.349,1558.207
2024-01-25 16:18:08.717100,hn_03-23,1176.782,1561.536
2024-01-25 16:18:16.373373,hn_03-23,1174.688,1560.713
2024-01-25 16:18:24.053053,hn_03-23,1170.447,1565.525
2024-01-25 16:18:31.677677,hn_03-23,1170.874,1562.586
2024-01-25 16:18:39.373373,hn_03-23,1169.131,1566.561
2024-01-25 16:18:47.049049,hn_03-23,1172.463,1564.797
2024-01-25 16:18:54.767600,hn_03-23,1168.523,1566.07
2024-01-25 16:19:02.469469,hn_03-23,1170.053,1567.304
2024-01-25 16:19:10.194194,hn_03-23,1171.728,1564.968
2024-01-25 16:19:17.938938,hn_03-23,1173.691,1563.385
2024-01-25 16:19:25.621621,hn_03-23,1174.547,1563.551
2024-01-25 16:19:33.321321,hn_03-23,1169.188,1566.348
2024-01-25 16:19:41.046046,hn_03-23,1171.988,1564.344
2024-01-25 16:19:48.817817,hn_03-23,1171.619,1566.962
2024-01-25 16:19:56.593593,hn_03-23,1170.535,1566.787
2024-01-25 16:20:04.356356,hn_03-23,1168.747,1570.532
2024-01-25 16:20:12.040400,hn_03-23,1169.759,1572.105
2024-01-25 16:20:19.696900,hn_03-23,1171.334,1566.277
2024-01-25 16:20:27.411411,hn_03-23,1171.65,1567.055
2024-01-25 16:20:35.043043,hn_03-23,1170.076,1568.808
2024-01-25 16:20:42.675675,hn_03-23,1170.481,1568.797
2024-01-25 16:20:50.331331,hn_03-23,1169.534,1568.799
2024-01-25 16:20:57.968968,hn_03-23,1171.309,1568.864
2024-01-25 16:21:05.599599,hn_03-23,1171.617,1567.394
2024-01-25 16:21:13.282800,hn_03-23,1172.135,1567.149
2024-01-25 16:21:20.898900,hn_03-23,1171.48,1568.82
2024-01-25 16:21:28.555555,hn_03-23,1171.538,1569.354
2024-01-25 16:21:36.162162,hn_03-23,1170.305,1568.311
2024-01-25 16:21:43.866866,hn_03-23,1171.974,1569.004
2024-01-25 16:21:51.464464,hn_03-23,1171.069,1569.072
2024-01-25 16:21:59.057057,hn_03-23,1174.646,1566.879
2024-01-25 16:22:06.743743,hn_03-23,1178.75,1565.102
2024-01-25 16:22:14.351351,hn_03-23,1176.778,1558.74
2024-01-25 16:22:22.055055,hn_03-23,1173.62,1561.82
2024-01-25 16:22:29.652652,hn_03-23,1172.487,1563.116
2024-01-25 16:22:37.528528,hn_03-23,1176.892,1559.452
2024-01-25 16:22:45.339339,hn_03-23,1173.686,1563.062
2024-01-25 16:22:53.082082,hn_03-23,1173.085,1564.75
2024-01-25 16:23:00.743743,hn_03-23,1173.442,1562.314
2024-01-25 16:23:08.395395,hn_03-23,1175.908,1559.123
2024-01-25 16:23:16.059059,hn_03-23,1175.116,1561.327
2024-01-25 16:23:23.729729,hn_03-23,1174.588,1562.391
2024-01-25 16:23:31.377377,hn_03-23,1170.313,1560.901
2024-01-25 16:23:39.040400,hn_03-23,1174.475,1560.919
2024-01-25 16:23:46.782782,hn_03-23,1168.712,1566.076
2024-01-25 16:23:54.749749,hn_03-23,1174.879,1556.561
2024-01-25 16:24:02.526526,hn_03-23,1176.503,1558.618
2024-01-25 16:24:10.213213,hn_03-23,1175.975,1561.399
2024-01-25 16:24:17.946946,hn_03-23,1175.187,1557.944
2024-01-25 16:24:25.599599,hn_03-23,1172.605,1560.331
2024-01-25 16:24:33.295295,hn_03-23,1173.305,1560.581
2024-01-25 16:24:41.016016,hn_03-23,1171.015,1561.74
2024-01-25 16:24:48.767767,hn_03-23,1172.152,1561.261
2024-01-25 16:24:56.405405,hn_03-23,1171.518,1563.822
2024-01-25 16:25:04.194194,hn_03-23,1174.81,1560.28
2024-01-25 16:25:11.906906,hn_03-23,1173.901,1560.721
2024-01-25 16:25:19.599599,hn_03-23,1177.13,1558.685
2024-01-25 16:25:27.341341,hn_03-23,1175.796,1557.643
2024-01-25 16:25:35.153153,hn_03-23,1173.197,1560.704
2024-01-25 16:25:42.880000,hn_03-23,1170.748,1567.181
2024-01-25 16:25:50.555555,hn_03-23,1174.792,1561.085
2024-01-25 16:25:58.283283,hn_03-23,1172.396,1564.21
2024-01-25 16:26:05.988988,hn_03-23,1173.92,1562.788
2024-01-25 16:26:13.803803,hn_03-23,1173.245,1563.73
2024-01-25 16:26:21.457457,hn_03-23,1170.535,1566.119
2024-01-25 16:26:29.080800,hn_03-23,1172.514,1564.208
2024-01-25 16:26:36.757757,hn_03-23,1173.476,1562.545
2024-01-25 16:26:44.440000,hn_03-23,1172.518,1565.301
2024-01-25 16:26:52.037037,hn_03-23,1172.969,1561.477
2024-01-25 16:26:59.765765,hn_03-23,1171.648,1566.551
2024-01-25 16:27:07.446446,hn_03-23,1172.647,1563.616
2024-01-25 16:27:15.847847,hn_03-23,1170.907,1566.777
2024-01-25 16:27:23.503503,hn_03-23,1170.037,1566.424
2024-01-25 16:27:31.141400,hn_03-23,1175.583,1559.856
2024-01-25 16:27:38.832832,hn_03-23,1174.848,1560.241
2024-01-25 16:27:46.522522,hn_03-23,1174.479,1558.638
2024-01-25 16:27:54.474474,hn_03-23,1172.794,1565.247
2024-01-25 16:28:02.137137,hn_03-23,1175.018,1561.843
2024-01-25 16:28:09.875875,hn_03-23,1175.399,1562.532
2024-01-25 16:28:17.499499,hn_03-23,1171.182,1565.15
2024-01-25 16:28:25.165165,hn_03-23,1176.331,1561.141
2024-01-25 16:28:32.802802,hn_03-23,1172.125,1562.041
2024-01-25 16:28:40.525525,hn_03-23,1175.126,1560.234
2024-01-25 16:28:48.179179,hn_03-23,1174.825,1560.294
2024-01-25 16:28:55.873873,hn_03-23,1174.218,1564.694
2024-01-25 16:29:03.522522,hn_03-23,1175.005,1563.133
2024-01-25 16:29:11.231231,hn_03-23,1174.74,1563.681
2024-01-25 16:29:18.954954,hn_03-23,1171.821,1566.392
2024-01-25 16:29:26.559559,hn_03-23,1171.454,1563.006
2024-01-25 16:29:34.269269,hn_03-23,1174.049,1562.463
2024-01-25 16:29:41.995995,hn_03-23,1174.64,1563.282
2024-01-25 16:29:49.702702,hn_03-23,1176.808,1558.581
2024-01-25 16:29:57.396396,hn_03-23,1171.859,1565.774
2024-01-25 16:30:05.111111,hn_03-23,1177.613,1561.181
2024-01-25 16:30:12.831831,hn_03-23,1173.84,1561.727
2024-01-25 16:30:20.676700,hn_03-23,1178.992,1558.125
2024-01-25 16:30:28.283283,hn_03-23,1174.314,1559.933
2024-01-25 16:30:35.997997,hn_03-23,1171.749,1562.137
2024-01-25 16:30:43.748748,hn_03-23,1174.422,1564.773
2024-01-25 16:30:51.372372,hn_03-23,1177.417,1555.902
2024-01-25 16:30:59.066066,hn_03-23,1176.432,1562.409
2024-01-25 16:31:06.749749,hn_03-23,1174.93,1563.576
2024-01-25 16:31:14.438438,hn_03-23,1179.728,1559.151
2024-01-25 16:31:22.121121,hn_03-23,1179.453,1559.451
2024-01-25 16:31:29.796796,hn_03-23,1178.15,1554.07
2024-01-25 16:31:37.501501,hn_03-23,1177.34,1559.028
2024-01-25 16:31:45.221221,hn_03-23,1178.608,1555.883
2024-01-25 16:31:52.969600,hn_03-23,1178.421,1558.869
2024-01-25 16:32:00.626626,hn_03-23,1179.265,1556.194
2024-01-25 16:32:08.289289,hn_03-23,1175.756,1563.202
2024-01-25 16:32:15.983983,hn_03-23,1173.266,1561.087
2024-01-25 16:32:23.656500,hn_03-23,1174.389,1560.606
2024-01-25 16:32:31.296296,hn_03-23,1174.201,1557.45
2024-01-25 16:32:39.040400,hn_03-23,1177.938,1559.05
2024-01-25 16:32:46.751751,hn_03-23,1171.826,1561.491
2024-01-25 16:32:54.371371,hn_03-23,1176.44,1557.994
2024-01-25 16:33:02.053053,hn_03-23,1179.841,1551.904
2024-01-25 16:33:09.769769,hn_03-23,1176.715,1558.782
2024-01-25 16:33:17.414100,hn_03-23,1174.505,1558.996
2024-01-25 16:33:25.061061,hn_03-23,1177.811,1554.453
2024-01-25 16:33:32.692692,hn_03-23,1173.831,1557.09
2024-01-25 16:33:40.329329,hn_03-23,1179.229,1556.103
2024-01-25 16:33:48.037037,hn_03-23,1178.603,1557.322
2024-01-25 16:33:55.872872,hn_03-23,1175.314,1559.242
2024-01-25 16:34:03.623623,hn_03-23,1176.252,1555.077
2024-01-25 16:34:11.291291,hn_03-23,1175.043,1557.586
2024-01-25 16:34:19.051051,hn_03-23,1170.413,1562.42
2024-01-25 16:34:26.709709,hn_03-23,1177.316,1556.548
2024-01-25 16:34:34.405405,hn_03-23,1176.681,1559.376
2024-01-25 16:34:42.125125,hn_03-23,1174.014,1559.3
2024-01-25 16:34:49.853853,hn_03-23,1176.025,1557.493
2024-01-25 16:34:57.578578,hn_03-23,1178.889,1554.463
2024-01-25 16:35:05.321321,hn_03-23,1175.489,1556.539
2024-01-25 16:35:12.999999,hn_03-23,1174.784,1558.939
2024-01-25 16:35:20.641641,hn_03-23,1175.57,1557.647
2024-01-25 16:35:28.374374,hn_03-23,1175.092,1557.34
2024-01-25 16:35:36.031031,hn_03-23,1176.278,1556.301
2024-01-25 16:35:43.735735,hn_03-23,1175.341,1555.612
2024-01-25 16:35:51.463463,hn_03-23,1173.561,1558.491
2024-01-25 16:35:59.172172,hn_03-23,1178.104,1557.63
2024-01-25 16:36:06.908908,hn_03-23,1176.185,1556.685
2024-01-25 16:36:14.651651,hn_03-23,1177.891,1555.378
2024-01-25 16:36:22.329329,hn_03-23,1175.166,1556.439
2024-01-25 16:36:30.067067,hn_03-23,1176.924,1556.602
2024-01-25 16:36:37.806806,hn_03-23,1172.571,1563.078
2024-01-25 16:36:45.568568,hn_03-23,1178.277,1559.822
2024-01-25 16:36:53.202202,hn_03-23,1175.362,1558.441
2024-01-25 16:37:01.118118,hn_03-23,1173.266,1560.442
2024-01-25 16:37:08.769769,hn_03-23,1176.561,1557.164
2024-01-25 16:37:16.555500,hn_03-23,1173.667,1564.298
2024-01-25 16:37:24.253253,hn_03-23,1179.726,1559.263
2024-01-25 16:37:31.992992,hn_03-23,1172.883,1565.63
2024-01-25 16:37:39.764764,hn_03-23,1174.047,1562.064
2024-01-25 16:37:47.546546,hn_03-23,1175.836,1560.048
2024-01-25 16:37:55.288288,hn_03-23,1179.866,1561.258
2024-01-25 16:38:02.978978,hn_03-23,1174.935,1566.13
2024-01-25 16:38:10.688688,hn_03-23,1173.835,1564.485
2024-01-25 16:38:18.479479,hn_03-23,1176.831,1562.402
2024-01-25 16:38:26.176176,hn_03-23,1173.954,1563.435
2024-01-25 16:38:33.832832,hn_03-23,1172.455,1565.092
2024-01-25 16:38:41.559559,hn_03-23,1176.305,1563.681
2024-01-25 16:38:49.287287,hn_03-23,1175.598,1560.865
2024-01-25 16:38:56.955955,hn_03-23,1172.495,1564.974
2024-01-25 16:39:04.689689,hn_03-23,1176.366,1565.127
2024-01-25 16:39:12.355355,hn_03-23,1181.693,1559.556
2024-01-25 16:39:19.992992,hn_03-23,1181.361,1552.213
2024-01-25 16:39:27.638638,hn_03-23,1183.008,1561.274
2024-01-25 16:39:35.351351,hn_03-23,1178.497,1562.05
2024-01-25 16:39:43.001001,hn_03-23,1173.736,1564.365
2024-01-25 16:39:50.662662,hn_03-23,1176.529,1557.357
2024-01-25 16:39:58.358358,hn_03-23,1176.262,1559.683
2024-01-25 16:40:06.059059,hn_03-23,1176.186,1560.066
2024-01-25 16:40:13.738738,hn_03-23,1173.936,1562.485
2024-01-25 16:40:21.461461,hn_03-23,1178.204,1558.408
2024-01-25 16:40:29.261261,hn_03-23,1177.119,1559.302
2024-01-25 16:40:36.943943,hn_03-23,1179.401,1556.87
2024-01-25 16:40:44.607607,hn_03-23,1178.273,1556.145
2024-01-25 16:40:52.303303,hn_03-23,1178.826,1553.839
2024-01-25 16:41:00.012012,hn_03-23,1177.068,1556.966
2024-01-25 16:41:08.443443,hn_03-23,1178.787,1558.011
2024-01-25 16:41:16.207207,hn_03-23,1178.353,1555.56
2024-01-25 16:41:23.929200,hn_03-23,1180.671,1554.821
2024-01-25 16:41:31.665665,hn_03-23,1176.373,1559.25
2024-01-25 16:41:39.372372,hn_03-23,1174.251,1561.431
2024-01-25 16:41:47.077077,hn_03-23,1181.765,1553.028
2024-01-25 16:41:54.838838,hn_03-23,1178.503,1559.261
2024-01-25 16:42:02.735735,hn_03-23,1177.288,1558.839
2024-01-25 16:42:10.556556,hn_03-23,1176.688,1558.319
2024-01-25 16:42:18.276276,hn_03-23,1174.184,1563.072
2024-01-25 16:42:25.959959,hn_03-23,1173.767,1560.579
2024-01-25 16:42:33.726726,hn_03-23,1173.039,1560.01
2024-01-25 16:42:41.495495,hn_03-23,1174.111,1561.684
2024-01-25 16:42:49.292292,hn_03-23,1173.972,1561.6
2024-01-25 16:42:56.977977,hn_03-23,1176.914,1555.396
2024-01-25 16:43:04.722722,hn_03-23,1176.848,1558.886
2024-01-25 16:43:12.434300,hn_03-23,1174.234,1560.781
2024-01-25 16:43:20.278278,hn_03-23,1175.772,1556.119
2024-01-25 16:43:27.986986,hn_03-23,1173.43,1561.689
2024-01-25 16:43:35.701701,hn_03-23,1174.287,1558.032
2024-01-25 16:43:43.569569,hn_03-23,1178.102,1557.046
2024-01-25 16:43:51.295295,hn_03-23,1176.198,1555.479
2024-01-25 16:43:59.065065,hn_03-23,1179.079,1557.169
2024-01-25 16:44:06.767600,hn_03-23,1174.406,1554.561
2024-01-25 16:44:14.528528,hn_03-23,1175.64,1552.778
2024-01-25 16:44:22.239239,hn_03-23,1175.319,1553.392
2024-01-25 16:44:30.033033,hn_03-23,1173.861,1556.784
2024-01-25 16:44:37.801801,hn_03-23,1176.528,1558.99
2024-01-25 16:44:45.675675,hn_03-23,1175.373,1559.319
2024-01-25 16:44:53.398398,hn_03-23,1178.996,1553.702
2024-01-25 16:45:01.168168,hn_03-23,1177.948,1559.176
2024-01-25 16:45:08.895895,hn_03-23,1179.332,1555.505
2024-01-25 16:45:16.626626,hn_03-23,1178.965,1551.026
2024-01-25 16:45:24.437437,hn_03-23,1181.764,1554.677
2024-01-25 16:45:32.255255,hn_03-23,1179.939,1550.377
2024-01-25 16:45:40.025025,hn_03-23,1180.142,1552.496
2024-01-25 16:45:47.825825,hn_03-23,1171.382,1557.943
2024-01-25 16:45:55.539539,hn_03-23,1175.01,1563.336
2024-01-25 16:46:03.367367,hn_03-23,1177.437,1558.731
2024-01-25 16:46:11.076076,hn_03-23,1172.521,1560.643
2024-01-25 16:46:18.775775,hn_03-23,1173.752,1562.016
2024-01-25 16:46:26.453453,hn_03-23,1174.466,1563.756
2024-01-25 16:46:34.103103,hn_03-23,1170.256,1566.237
2024-01-25 16:46:41.897897,hn_03-23,1173.218,1566.4
2024-01-25 16:46:49.599599,hn_03-23,1173.509,1563.423
2024-01-25 16:46:57.292292,hn_03-23,1173.651,1561.473
2024-01-25 16:47:04.929929,hn_03-23,1172.865,1564.078
2024-01-25 16:47:12.687687,hn_03-23,1171.771,1566.106
2024-01-25 16:47:20.383383,hn_03-23,1175.361,1560.509
2024-01-25 16:47:28.116116,hn_03-23,1169.812,1564.416
2024-01-25 16:47:35.873873,hn_03-23,1171.838,1564.319
2024-01-25 16:47:43.659659,hn_03-23,1173.629,1567.988
2024-01-25 16:47:51.489489,hn_03-23,1173.885,1564.037
2024-01-25 16:47:59.203203,hn_03-23,1171.784,1576.423
2024-01-25 16:48:06.936936,hn_03-23,1173.784,1562.929
2024-01-25 16:48:14.607607,hn_03-23,1175.056,1563.18
2024-01-25 16:48:22.353353,hn_03-23,1173.129,1564.442
2024-01-25 16:48:30.038038,hn_03-23,1174.389,1564.098
2024-01-25 16:48:37.664664,hn_03-23,1173.637,1563.53
2024-01-25 16:48:45.303303,hn_03-23,1176.046,1564.457
2024-01-25 16:48:53.052052,hn_03-23,1174.056,1563.5
2024-01-25 16:49:00.733733,hn_03-23,1175.29,1564.464
2024-01-25 16:49:08.456456,hn_03-23,1171.592,1567.293
2024-01-25 16:49:16.219219,hn_03-23,1176.066,1563.093
2024-01-25 16:49:23.859859,hn_03-23,1174.412,1567.069
2024-01-25 16:49:31.571571,hn_03-23,1173.175,1568.267
2024-01-25 16:49:39.217217,hn_03-23,1172.814,1568.185
2024-01-25 16:49:46.876876,hn_03-23,1176.104,1565.955
2024-01-25 16:49:54.536536,hn_03-23,1171.967,1566.107
2024-01-25 16:50:02.357357,hn_03-23,1171.323,1568.589
2024-01-25 16:50:10.045045,hn_03-23,1178.116,1563.634
2024-01-25 16:50:17.704704,hn_03-23,1176.075,1561.2
2024-01-25 16:50:25.384384,hn_03-23,1174.282,1565.026
2024-01-25 16:50:33.194194,hn_03-23,1173.367,1563.921
2024-01-25 16:50:40.886886,hn_03-23,1173.638,1566.179
2024-01-25 16:50:48.563563,hn_03-23,1174.838,1562.981
2024-01-25 16:50:56.248248,hn_03-23,1173.496,1564.646
2024-01-25 16:51:03.941941,hn_03-23,1178.176,1558.909
2024-01-25 16:51:11.623623,hn_03-23,1178.264,1558.788
2024-01-25 16:51:19.389389,hn_03-23,1177.839,1556.412
2024-01-25 16:51:27.036036,hn_03-23,1181.336,1560.336
2024-01-25 16:51:34.675675,hn_03-23,1174.295,1563.116
2024-01-25 16:51:42.415415,hn_03-23,1174.089,1562.206
2024-01-25 16:51:50.171171,hn_03-23,1172.911,1563.654
2024-01-25 16:51:57.996996,hn_03-23,1175.897,1560.931
2024-01-25 16:52:05.738738,hn_03-23,1175.729,1561.091
2024-01-25 16:52:13.445445,hn_03-23,1174.905,1559.198
2024-01-25 16:52:21.123123,hn_03-23,1174.324,1560.879
2024-01-25 16:52:28.777777,hn_03-23,1173.674,1564.874
2024-01-25 16:52:36.444444,hn_03-23,1173.63,1564.697
2024-01-25 16:52:44.107107,hn_03-23,1173.035,1558.822
2024-01-25 16:52:51.821821,hn_03-23,1174.704,1559.376
2024-01-25 16:52:59.525525,hn_03-23,1172.254,1559.356
2024-01-25 16:53:07.245245,hn_03-23,1171.981,1559.368
2024-01-25 16:53:14.937937,hn_03-23,1174.313,1561.095
2024-01-25 16:53:22.776776,hn_03-23,1172.68,1558.997
2024-01-25 16:53:30.608608,hn_03-23,1177.306,1558.791
2024-01-25 16:53:38.286286,hn_03-23,1172.792,1558.705
2024-01-25 16:53:45.968968,hn_03-23,1177.278,1559.498
2024-01-25 16:53:53.714714,hn_03-23,1175.967,1560.707
2024-01-25 16:54:01.414414,hn_03-23,1175.411,1556.126
2024-01-25 16:54:09.098098,hn_03-23,1176.289,1558.604
2024-01-25 16:54:16.787800,hn_03-23,1173.508,1559.031
2024-01-25 16:54:24.578578,hn_03-23,1175.314,1559.332
2024-01-25 16:54:32.364364,hn_03-23,1175.31,1561.905
2024-01-25 16:54:40.027027,hn_03-23,1172.856,1564.259
2024-01-25 16:54:47.772772,hn_03-23,1176.376,1559.422
2024-01-25 16:54:55.545400,hn_03-23,1174.271,1560.271
2024-01-25 16:55:03.229229,hn_03-23,1175.251,1560.121
2024-01-25 16:55:11.004004,hn_03-23,1173.994,1561.404
2024-01-25 16:55:18.696696,hn_03-23,1176.571,1560.787
2024-01-25 16:55:26.409409,hn_03-23,1174.03,1561.472
2024-01-25 16:55:34.164164,hn_03-23,1172.671,1561.619
2024-01-25 16:55:41.866866,hn_03-23,1174.635,1560.668
2024-01-25 16:55:49.557557,hn_03-23,1174.667,1561.616
2024-01-25 16:55:57.191900,hn_03-23,1174.249,1563.336
2024-01-25 16:56:04.961961,hn_03-23,1176.541,1560.652
2024-01-25 16:56:12.704704,hn_03-23,1175.462,1559.543
2024-01-25 16:56:20.361361,hn_03-23,1173.146,1560.53
2024-01-25 16:56:28.002002,hn_03-23,1173.007,1564.226
2024-01-25 16:56:35.705705,hn_03-23,1175.749,1557.576
2024-01-25 16:56:43.405405,hn_03-23,1174.736,1564.822
2024-01-25 16:56:51.219219,hn_03-23,1175.43,1560.803
2024-01-25 16:56:58.975975,hn_03-23,1176.611,1561.469
2024-01-25 16:57:06.654654,hn_03-23,1174.809,1561.64
2024-01-25 16:57:14.292292,hn_03-23,1172.784,1560.844
2024-01-25 16:57:22.046046,hn_03-23,1173.918,1562.542
2024-01-25 16:57:29.679679,hn_03-23,1175.352,1561.308
2024-01-25 16:57:37.362362,hn_03-23,1174.868,1556.836
2024-01-25 16:57:45.096096,hn_03-23,1171.18,1563.168
2024-01-25 16:57:52.809809,hn_03-23,1178.794,1558.787
2024-01-25 16:58:00.550000,hn_03-23,1174.915,1561.721
2024-01-25 16:58:08.214214,hn_03-23,1172.988,1560.815
2024-01-25 16:58:15.872872,hn_03-23,1174.227,1558.473
2024-01-25 16:58:23.565565,hn_03-23,1177.506,1560.987
2024-01-25 16:58:31.323323,hn_03-23,1176.876,1559.446
2024-01-25 16:58:39.025025,hn_03-23,1171.207,1564.422
2024-01-25 16:58:46.781781,hn_03-23,1171.521,1563.995
2024-01-25 16:58:54.497497,hn_03-23,1174.805,1558.749
2024-01-25 16:59:02.198198,hn_03-23,1176.335,1555.361
2024-01-25 16:59:09.909909,hn_03-23,1176.415,1558.285
2024-01-25 16:59:17.665665,hn_03-23,1174.974,1557.013
2024-01-25 16:59:25.373373,hn_03-23,1177.414,1555.284
2024-01-25 16:59:33.037037,hn_03-23,1175.381,1558.742
2024-01-25 16:59:40.718718,hn_03-23,1176.816,1553.339
2024-01-25 16:59:48.383800,hn_03-23,1176.008,1557.397
2024-01-25 16:59:56.048048,hn_03-23,1174.943,1559.51
2024-01-25 17:00:03.882882,hn_03-23,1179.325,1550.111
2024-01-25 17:00:11.683683,hn_03-23,1179.056,1548.696
2024-01-25 17:00:19.502502,hn_03-23,1176.507,1554.718
2024-01-25 17:00:27.281281,hn_03-23,1178.051,1552.231
2024-01-25 17:00:35.070700,hn_03-23,1179.639,1551.74
2024-01-25 17:00:42.741741,hn_03-23,1172.814,1558.725
2024-01-25 17:00:51.166166,hn_03-23,1172.417,1555.946
2024-01-25 17:00:58.841841,hn_03-23,1174.911,1554.73
2024-01-25 17:01:06.539539,hn_03-23,1179.325,1553.176
2024-01-25 17:01:14.293293,hn_03-23,1176.152,1556.731
2024-01-25 17:01:21.985985,hn_03-23,1176.058,1557.444
2024-01-25 17:01:29.647647,hn_03-23,1175.652,1557.396
2024-01-25 17:01:37.295295,hn_03-23,1172.977,1559.851
2024-01-25 17:01:44.981981,hn_03-23,1176.489,1556.434
2024-01-25 17:01:52.632632,hn_03-23,1175.635,1556.63
2024-01-25 17:02:00.338338,hn_03-23,1174.649,1557.028
2024-01-25 17:02:08.062062,hn_03-23,1175.242,1554.021
2024-01-25 17:02:15.675675,hn_03-23,1172.434,1561.308
2024-01-25 17:02:23.316316,hn_03-23,1173.34,1560.004
2024-01-25 17:02:30.979700,hn_03-23,1171.738,1559.518
2024-01-25 17:02:38.696900,hn_03-23,1171.423,1560.714
2024-01-25 17:02:46.587587,hn_03-23,1170.979,1560.812
2024-01-25 17:02:54.327327,hn_03-23,1169.56,1565.475
2024-01-25 17:03:01.994994,hn_03-23,1171.291,1562.903
2024-01-25 17:03:09.747747,hn_03-23,1172.449,1562.332
2024-01-25 17:03:17.406406,hn_03-23,1172.511,1560.303
2024-01-25 17:03:25.089089,hn_03-23,1170.449,1563.783
2024-01-25 17:03:32.756756,hn_03-23,1171.994,1566.078
2024-01-25 17:03:40.387387,hn_03-23,1171.33,1564.924
2024-01-25 17:03:48.069069,hn_03-23,1171.655,1564.926
2024-01-25 17:03:55.828828,hn_03-23,1171.389,1566.198
2024-01-25 17:04:03.519519,hn_03-23,1175.299,1561.877
2024-01-25 17:04:11.253253,hn_03-23,1172.319,1566.928
2024-01-25 17:04:18.917917,hn_03-23,1172.723,1566.409
2024-01-25 17:04:26.706706,hn_03-23,1169.604,1568.286
2024-01-25 17:04:34.448448,hn_03-23,1175.887,1566.926
2024-01-25 17:04:42.161600,hn_03-23,1168.491,1569.273
2024-01-25 17:04:49.947947,hn_03-23,1168.753,1570.375
2024-01-25 17:04:57.625625,hn_03-23,1175.404,1564.973
2024-01-25 17:05:05.341341,hn_03-23,1176.412,1561.464
2024-01-25 17:05:13.003003,hn_03-23,1173.691,1566.318
2024-01-25 17:05:20.698698,hn_03-23,1174.301,1569.868
2024-01-25 17:05:28.297297,hn_03-23,1174.919,1564.531
2024-01-25 17:05:35.946946,hn_03-23,1177.281,1564.132
2024-01-25 17:05:43.583583,hn_03-23,1175.282,1560.389
2024-01-25 17:05:51.181800,hn_03-23,1174.94,1563.473
2024-01-25 17:05:58.801801,hn_03-23,1173.438,1565.488
2024-01-25 17:06:06.447447,hn_03-23,1174.342,1567.572
2024-01-25 17:06:14.054054,hn_03-23,1177.55,1565.004
2024-01-25 17:06:21.631631,hn_03-23,1173.501,1565.428
2024-01-25 17:06:29.323200,hn_03-23,1172.546,1570.224
2024-01-25 17:06:36.907907,hn_03-23,1175.02,1566.444
2024-01-25 17:06:44.544544,hn_03-23,1171.969,1568.466
2024-01-25 17:06:52.178178,hn_03-23,1171.251,1570.505
2024-01-25 17:06:59.807807,hn_03-23,1175.137,1566.255
2024-01-25 17:07:07.418418,hn_03-23,1179.202,1559.948
2024-01-25 17:07:15.040400,hn_03-23,1173.255,1565.029
2024-01-25 17:07:22.636300,hn_03-23,1171.999,1569.246
2024-01-25 17:07:30.245245,hn_03-23,1173.499,1566.409
2024-01-25 17:07:37.816816,hn_03-23,1172.607,1566.628
2024-01-25 17:07:45.396396,hn_03-23,1172.521,1568.97
2024-01-25 17:07:53.045045,hn_03-23,1172.252,1570.295
2024-01-25 17:08:00.612612,hn_03-23,1174.484,1563.866
2024-01-25 17:08:08.238238,hn_03-23,1178.028,1559.224
2024-01-25 17:08:15.879879,hn_03-23,1177.593,1560.776
2024-01-25 17:08:23.498498,hn_03-23,1175.389,1560.175
2024-01-25 17:08:31.107107,hn_03-23,1176.318,1559.007
2024-01-25 17:08:38.681681,hn_03-23,1176.629,1562.649
2024-01-25 17:08:46.301301,hn_03-23,1171.104,1565.21
2024-01-25 17:08:53.901901,hn_03-23,1175.428,1563.382
2024-01-25 17:09:01.545545,hn_03-23,1179.843,1554.648
2024-01-25 17:09:09.183183,hn_03-23,1176.246,1557.06
2024-01-25 17:09:17.227227,hn_03-23,1179.914,1553.542
2024-01-25 17:09:24.949400,hn_03-23,1177.936,1554.259
2024-01-25 17:09:32.623623,hn_03-23,1178.367,1552.287
2024-01-25 17:09:40.287287,hn_03-23,1177.243,1551.856
2024-01-25 17:09:47.993993,hn_03-23,1176.481,1555.092
2024-01-25 17:09:55.706706,hn_03-23,1176.445,1556.841
2024-01-25 17:10:03.343343,hn_03-23,1173.906,1551.355
2024-01-25 17:10:10.999900,hn_03-23,1179.63,1548.962
2024-01-25 17:10:18.735735,hn_03-23,1176.246,1551.922
2024-01-25 17:10:26.506506,hn_03-23,1179.689,1552.625
2024-01-25 17:10:34.143143,hn_03-23,1176.431,1550.823
2024-01-25 17:10:41.798798,hn_03-23,1173.236,1554.268
2024-01-25 17:10:49.441441,hn_03-23,1171.966,1561.531
2024-01-25 17:10:57.114114,hn_03-23,1171.303,1560.374
2024-01-25 17:11:04.785785,hn_03-23,1172.178,1561.299
2024-01-25 17:11:12.426426,hn_03-23,1174.093,1557.634
2024-01-25 17:11:20.199199,hn_03-23,1173.938,1558.023
2024-01-25 17:11:27.908908,hn_03-23,1171.98,1564.22
2024-01-25 17:11:35.538538,hn_03-23,1173.589,1561.631
2024-01-25 17:11:43.195195,hn_03-23,1169.234,1565.853
2024-01-25 17:11:50.842842,hn_03-23,1169.502,1566.833
2024-01-25 17:11:58.477477,hn_03-23,1170.604,1564.313
2024-01-25 17:12:06.183183,hn_03-23,1171.906,1564.152
2024-01-25 17:12:13.886886,hn_03-23,1172.188,1563.763
2024-01-25 17:12:21.578578,hn_03-23,1169.155,1567.067
2024-01-25 17:12:29.227227,hn_03-23,1171.828,1563.648
2024-01-25 17:12:36.909909,hn_03-23,1168.906,1564.225
2024-01-25 17:12:44.615615,hn_03-23,1172.135,1563.18
2024-01-25 17:12:52.245245,hn_03-23,1168.938,1565.358
2024-01-25 17:12:59.982982,hn_03-23,1172.467,1564.47
2024-01-25 17:13:07.649649,hn_03-23,1168.043,1567.682
2024-01-25 17:13:15.277277,hn_03-23,1170.569,1564.484
2024-01-25 17:13:22.922922,hn_03-23,1172.597,1564.616
2024-01-25 17:13:30.534534,hn_03-23,1168.336,1568.21
2024-01-25 17:13:38.155155,hn_03-23,1169.409,1567.281
2024-01-25 17:13:45.743743,hn_03-23,1170.043,1566.73
2024-01-25 17:13:53.374374,hn_03-23,1169.521,1566.594
2024-01-25 17:14:01.018018,hn_03-23,1169.014,1567.508
2024-01-25 17:14:08.617617,hn_03-23,1168.31,1570.077
2024-01-25 17:14:16.224224,hn_03-23,1169.457,1567.86
2024-01-25 17:14:23.945945,hn_03-23,1171.312,1562.137
2024-01-25 17:14:31.587587,hn_03-23,1169.818,1567.914
2024-01-25 17:14:39.191900,hn_03-23,1171.983,1565.206
2024-01-25 17:14:46.802802,hn_03-23,1173.104,1563.897
2024-01-25 17:14:54.554554,hn_03-23,1167.978,1568.735
2024-01-25 17:15:02.169169,hn_03-23,1169.805,1565.689
2024-01-25 17:15:09.817817,hn_03-23,1169.658,1567.449
2024-01-25 17:15:17.977977,hn_03-23,1169.758,1567.133
2024-01-25 17:15:25.625625,hn_03-23,1170.004,1566.274
2024-01-25 17:15:33.339339,hn_03-23,1173.823,1563.956
2024-01-25 17:15:40.992992,hn_03-23,1171.45,1565.415
2024-01-25 17:15:48.694694,hn_03-23,1170.356,1566.761
2024-01-25 17:15:56.371371,hn_03-23,1171.199,1567.167
2024-01-25 17:16:03.998998,hn_03-23,1176.303,1561.806
2024-01-25 17:16:11.656500,hn_03-23,1172.189,1565.703
2024-01-25 17:16:19.338338,hn_03-23,1167.507,1569.876
2024-01-25 17:16:27.066066,hn_03-23,1173.704,1563.45
2024-01-25 17:16:34.757500,hn_03-23,1171.252,1566.06
2024-01-25 17:16:42.389389,hn_03-23,1169.693,1568.082
2024-01-25 17:16:50.004004,hn_03-23,1173.097,1564.543
2024-01-25 17:16:57.666600,hn_03-23,1173.579,1563.737
2024-01-25 17:17:05.262600,hn_03-23,1170.123,1565.418
2024-01-25 17:17:12.897897,hn_03-23,1170.892,1567.044
2024-01-25 17:17:20.527527,hn_03-23,1173.164,1567.382
2024-01-25 17:17:28.164164,hn_03-23,1169.327,1564.205
2024-01-25 17:17:35.834834,hn_03-23,1175.182,1563.341
2024-01-25 17:17:43.421421,hn_03-23,1169.59,1567.091
2024-01-25 17:17:51.071071,hn_03-23,1171.171,1564.541
2024-01-25 17:17:58.693693,hn_03-23,1174.393,1561.413
2024-01-25 17:18:06.396396,hn_03-23,1169.945,1563.847
2024-01-25 17:18:14.045045,hn_03-23,1171.76,1565.512
2024-01-25 17:18:21.676676,hn_03-23,1174.606,1558.877
2024-01-25 17:18:29.307307,hn_03-23,1173.442,1562.39
2024-01-25 17:18:36.909909,hn_03-23,1171.701,1562.851
2024-01-25 17:18:44.502502,hn_03-23,1171.079,1562.477
2024-01-25 17:18:52.118118,hn_03-23,1178.945,1561.414
2024-01-25 17:18:59.679679,hn_03-23,1170.47,1563.014
2024-01-25 17:19:07.322322,hn_03-23,1171.939,1564.485
2024-01-25 17:19:14.917917,hn_03-23,1172.205,1561.093
2024-01-25 17:19:22.738738,hn_03-23,1169.345,1562.957
2024-01-25 17:19:30.312312,hn_03-23,1171.711,1556.217
2024-01-25 17:19:37.929200,hn_03-23,1174.151,1556.917
2024-01-25 17:19:45.546546,hn_03-23,1169.794,1563.359
2024-01-25 17:19:53.197197,hn_03-23,1170.975,1565.197
2024-01-25 17:20:00.808808,hn_03-23,1172.106,1562.093
2024-01-25 17:20:08.502502,hn_03-23,1173.74,1560.373
2024-01-25 17:20:16.151500,hn_03-23,1171.375,1564.276
2024-01-25 17:20:23.737737,hn_03-23,1175.322,1562.924
2024-01-25 17:20:31.383383,hn_03-23,1173.539,1562.256
2024-01-25 17:20:39.032032,hn_03-23,1170.926,1561.648
2024-01-25 17:20:46.679679,hn_03-23,1171.269,1557.236
2024-01-25 17:20:54.446446,hn_03-23,1169.459,1563.469
2024-01-25 17:21:02.137137,hn_03-23,1173.802,1557.921
2024-01-25 17:21:09.787787,hn_03-23,1170.65,1566.259
2024-01-25 17:21:17.467467,hn_03-23,1171.756,1563.205
2024-01-25 17:21:25.171700,hn_03-23,1171.064,1564.007
2024-01-25 17:21:32.833833,hn_03-23,1173.214,1562.655
2024-01-25 17:21:40.444444,hn_03-23,1171.767,1563.194
2024-01-25 17:21:49.507507,hn_03-23,1170.818,1565.19
2024-01-25 17:21:57.191900,hn_03-23,1171.353,1562.378
2024-01-25 17:22:04.979700,hn_03-23,1175.464,1555.406
2024-01-25 17:22:12.569569,hn_03-23,1175.267,1558.072
2024-01-25 17:22:20.216216,hn_03-23,1170.579,1569.238
2024-01-25 17:22:27.847847,hn_03-23,1173.397,1564.204
2024-01-25 17:22:35.431431,hn_03-23,1174.639,1560.38
2024-01-25 17:22:43.076076,hn_03-23,1169.667,1565.918
2024-01-25 17:22:50.666666,hn_03-23,1170.186,1565.434
2024-01-25 17:22:58.237237,hn_03-23,1170.706,1566.091
2024-01-25 17:23:05.822822,hn_03-23,1173.829,1563.841
2024-01-25 17:23:13.405405,hn_03-23,1170.714,1565.7
2024-01-25 17:23:20.996996,hn_03-23,1169.044,1567.651
2024-01-25 17:23:28.558558,hn_03-23,1167.673,1570.057
2024-01-25 17:23:36.159159,hn_03-23,1170.205,1567.892
2024-01-25 17:23:43.751751,hn_03-23,1168.939,1567.863
2024-01-25 17:23:51.522522,hn_03-23,1169.625,1567.018
2024-01-25 17:23:59.465465,hn_03-23,1167.018,1569.363
2024-01-25 17:24:07.146146,hn_03-23,1170.627,1567.215
2024-01-25 17:24:14.858858,hn_03-23,1168.015,1567.741
2024-01-25 17:24:22.511511,hn_03-23,1172.25,1567.778
2024-01-25 17:24:30.159159,hn_03-23,1167.493,1567.989
2024-01-25 17:24:37.812812,hn_03-23,1170.667,1567.185
2024-01-25 17:24:45.464464,hn_03-23,1170.068,1567.902
2024-01-25 17:24:53.137137,hn_03-23,1170.215,1567.861
2024-01-25 17:25:00.817817,hn_03-23,1170.989,1567.094
2024-01-25 17:25:08.486486,hn_03-23,1170.941,1565.808
2024-01-25 17:25:16.106106,hn_03-23,1169.565,1567.224
2024-01-25 17:25:23.735735,hn_03-23,1170.038,1568.349
2024-01-25 17:25:31.333333,hn_03-23,1169.97,1568.314
2024-01-25 17:25:38.936936,hn_03-23,1169.538,1568.355
2024-01-25 17:25:46.544544,hn_03-23,1168.286,1567.722
2024-01-25 17:25:54.172172,hn_03-23,1171.354,1565.98
2024-01-25 17:26:01.748748,hn_03-23,1171.111,1566.504
2024-01-25 17:26:09.396396,hn_03-23,1169.446,1567.051
2024-01-25 17:26:17.083083,hn_03-23,1168.378,1567.356
2024-01-25 17:26:24.717717,hn_03-23,1168.22,1566.933
2024-01-25 17:26:32.338338,hn_03-23,1171.98,1565.419
2024-01-25 17:26:39.969600,hn_03-23,1169.973,1565.086
2024-01-25 17:26:47.565600,hn_03-23,1169.362,1566.449
2024-01-25 17:26:55.359359,hn_03-23,1170.235,1566.62
2024-01-25 17:27:03.038038,hn_03-23,1170.285,1564.705
2024-01-25 17:27:10.717100,hn_03-23,1171.683,1563.283
2024-01-25 17:27:18.355355,hn_03-23,1171.008,1562.729
2024-01-25 17:27:25.922922,hn_03-23,1169.27,1567.795
2024-01-25 17:27:33.576576,hn_03-23,1172.683,1565.666
2024-01-25 17:27:41.182182,hn_03-23,1172.515,1566.529
2024-01-25 17:27:48.762762,hn_03-23,1171.677,1565.231
2024-01-25 17:27:56.456456,hn_03-23,1170.006,1568.542
2024-01-25 17:28:04.080800,hn_03-23,1171.144,1565.721
2024-01-25 17:28:12.024024,hn_03-23,1172.012,1563.177
2024-01-25 17:28:19.674674,hn_03-23,1173.012,1565.81
2024-01-25 17:28:27.302302,hn_03-23,1174.72,1562.852
2024-01-25 17:28:35.001001,hn_03-23,1169.428,1564.898
2024-01-25 17:28:42.697697,hn_03-23,1173.895,1564.363
2024-01-25 17:28:50.266266,hn_03-23,1170.203,1564.68
2024-01-25 17:28:57.876876,hn_03-23,1168.541,1569.752
2024-01-25 17:29:05.448448,hn_03-23,1170.177,1567.2
2024-01-25 17:29:13.111100,hn_03-23,1167.596,1566.752
2024-01-25 17:29:20.704704,hn_03-23,1171.579,1563.312
2024-01-25 17:29:28.317317,hn_03-23,1173.945,1563.723
2024-01-25 17:29:35.935935,hn_03-23,1171.198,1562.42
2024-01-25 17:29:43.512512,hn_03-23,1168.533,1567.177
2024-01-25 17:29:51.216216,hn_03-23,1172.295,1563.69
2024-01-25 17:29:58.841841,hn_03-23,1170.138,1566.757
2024-01-25 17:30:06.565565,hn_03-23,1171.759,1567.277
2024-01-25 17:30:14.163163,hn_03-23,1175.426,1564.408
2024-01-25 17:30:21.761761,hn_03-23,1172.293,1565.215
2024-01-25 17:30:29.422422,hn_03-23,1171.397,1564.837
2024-01-25 17:30:36.996996,hn_03-23,1172.747,1560.874
2024-01-25 17:30:44.799799,hn_03-23,1174.179,1562.973
2024-01-25 17:30:52.447447,hn_03-23,1173.641,1558.646
2024-01-25 17:31:00.149149,hn_03-23,1173.884,1560.738
2024-01-25 17:31:07.782782,hn_03-23,1172.938,1561.57
2024-01-25 17:31:15.471471,hn_03-23,1173.069,1558.451
2024-01-25 17:31:23.111100,hn_03-23,1171.545,1562.174
2024-01-25 17:31:30.755755,hn_03-23,1172.037,1559.476
2024-01-25 17:31:38.395395,hn_03-23,1170.808,1563.577
2024-01-25 17:31:45.995995,hn_03-23,1171.733,1561.116
2024-01-25 17:31:53.736736,hn_03-23,1172.055,1560.443
2024-01-25 17:32:01.433433,hn_03-23,1174.955,1557.263
2024-01-25 17:32:09.115115,hn_03-23,1175.128,1560.629
2024-01-25 17:32:16.793793,hn_03-23,1174.958,1559.869
2024-01-25 17:32:25.229229,hn_03-23,1176.711,1559.779
2024-01-25 17:32:32.919100,hn_03-23,1171.288,1561.004
2024-01-25 17:32:40.617617,hn_03-23,1173.198,1558.287
2024-01-25 17:32:48.351351,hn_03-23,1173.132,1562.292
2024-01-25 17:32:55.986986,hn_03-23,1171.94,1565.287
2024-01-25 17:33:03.642642,hn_03-23,1171.468,1563.441
2024-01-25 17:33:11.275275,hn_03-23,1169.535,1564.014
2024-01-25 17:33:18.984984,hn_03-23,1169.985,1565.56
2024-01-25 17:33:26.623623,hn_03-23,1175.64,1563.701
2024-01-25 17:33:34.221221,hn_03-23,1173.237,1559.906
2024-01-25 17:33:41.918918,hn_03-23,1172.437,1563.471
2024-01-25 17:33:49.626626,hn_03-23,1173.551,1563.018
2024-01-25 17:33:57.295295,hn_03-23,1169.957,1569.7
2024-01-25 17:34:05.014014,hn_03-23,1173.131,1564.766
2024-01-25 17:34:12.814814,hn_03-23,1171.042,1567.864
2024-01-25 17:34:20.542542,hn_03-23,1169.511,1566.911
2024-01-25 17:34:28.173173,hn_03-23,1174.158,1564.557
2024-01-25 17:34:35.815815,hn_03-23,1173.419,1564.914
2024-01-25 17:34:43.407407,hn_03-23,1173.328,1563.358
2024-01-25 17:34:51.037037,hn_03-23,1172.31,1563.533
2024-01-25 17:34:58.878700,hn_03-23,1170.282,1565.815
2024-01-25 17:35:06.456456,hn_03-23,1172.404,1561.995
2024-01-25 17:35:14.133133,hn_03-23,1174.322,1561.272
2024-01-25 17:35:21.761761,hn_03-23,1173.186,1562.818
2024-01-25 17:35:29.550000,hn_03-23,1171.984,1560.511
2024-01-25 17:35:37.229229,hn_03-23,1175.675,1558.863
2024-01-25 17:35:44.888888,hn_03-23,1169.697,1566.651
2024-01-25 17:35:52.541541,hn_03-23,1172.542,1562.743
2024-01-25 17:36:00.194194,hn_03-23,1172.68,1563.186
2024-01-25 17:36:07.824824,hn_03-23,1172.456,1565.225
2024-01-25 17:36:15.472472,hn_03-23,1169.956,1566.439
2024-01-25 17:36:23.271271,hn_03-23,1176.147,1561.216
2024-01-25 17:36:30.997997,hn_03-23,1174.522,1562.312
2024-01-25 17:36:38.694694,hn_03-23,1173.571,1561.979
2024-01-25 17:36:46.421421,hn_03-23,1173.554,1559.531
2024-01-25 17:36:54.191900,hn_03-23,1174.527,1556.248
2024-01-25 17:37:01.899899,hn_03-23,1171.151,1561.161
2024-01-25 17:37:09.595595,hn_03-23,1174.488,1558.331
2024-01-25 17:37:17.246246,hn_03-23,1172.975,1561.295
2024-01-25 17:37:24.997997,hn_03-23,1172.017,1563.332
2024-01-25 17:37:32.917917,hn_03-23,1175.836,1557.263
2024-01-25 17:37:40.660000,hn_03-23,1169.211,1562.792
2024-01-25 17:37:48.332332,hn_03-23,1173.984,1558.487
2024-01-25 17:37:56.018018,hn_03-23,1170.632,1562.374
2024-01-25 17:38:03.704704,hn_03-23,1172.337,1562.182
2024-01-25 17:38:11.408408,hn_03-23,1172.522,1561.93
2024-01-25 17:38:19.196196,hn_03-23,1169.716,1564.084
2024-01-25 17:38:26.938938,hn_03-23,1173.875,1558.238
2024-01-25 17:38:34.628628,hn_03-23,1173.536,1560.376
2024-01-25 17:38:42.346346,hn_03-23,1173.573,1559.742
2024-01-25 17:38:50.004004,hn_03-23,1172.364,1557.989
2024-01-25 17:38:57.654654,hn_03-23,1169.018,1563.181
2024-01-25 17:39:05.316316,hn_03-23,1171.595,1562.219
2024-01-25 17:39:13.062062,hn_03-23,1170.817,1562.352
2024-01-25 17:39:20.717100,hn_03-23,1173.249,1559.082
2024-01-25 17:39:28.374374,hn_03-23,1170.485,1562.86
2024-01-25 17:39:36.063063,hn_03-23,1176.468,1557.817
2024-01-25 17:39:43.748748,hn_03-23,1171.334,1562.767
2024-01-25 17:39:51.426426,hn_03-23,1170.694,1563.62
2024-01-25 17:39:59.168168,hn_03-23,1173.505,1562.933
2024-01-25 17:40:06.956956,hn_03-23,1174.649,1558.245
2024-01-25 17:40:14.748748,hn_03-23,1171.589,1565.735
2024-01-25 17:40:22.512512,hn_03-23,1172.537,1561.997
2024-01-25 17:40:30.133133,hn_03-23,1173.37,1558.89
2024-01-25 17:40:37.748748,hn_03-23,1172.984,1560.638
2024-01-25 17:40:45.411411,hn_03-23,1175.015,1561.437
2024-01-25 17:40:53.171700,hn_03-23,1174.513,1559.572
2024-01-25 17:41:00.902902,hn_03-23,1170.858,1559.948
2024-01-25 17:41:08.585585,hn_03-23,1171.948,1559.811
2024-01-25 17:41:16.196196,hn_03-23,1170.456,1564.846
2024-01-25 17:41:23.854854,hn_03-23,1173.29,1562.16
2024-01-25 17:41:31.673673,hn_03-23,1176.391,1559.254
2024-01-25 17:41:39.295295,hn_03-23,1173.767,1557.028
2024-01-25 17:41:46.991991,hn_03-23,1178.336,1557.043
2024-01-25 17:41:54.638638,hn_03-23,1172.965,1563.597
2024-01-25 17:42:02.295295,hn_03-23,1172.959,1563.501
2024-01-25 17:42:09.941941,hn_03-23,1172.349,1564.88
2024-01-25 17:42:17.624624,hn_03-23,1171.681,1563.96
2024-01-25 17:42:25.315315,hn_03-23,1177.546,1559.481
2024-01-25 17:42:33.010100,hn_03-23,1174.63,1562.722
2024-01-25 17:42:40.706706,hn_03-23,1172.805,1560.914
2024-01-25 17:42:48.464600,hn_03-23,1172.675,1560.369
2024-01-25 17:42:56.168168,hn_03-23,1170.119,1564.476
2024-01-25 17:43:03.826826,hn_03-23,1174.018,1560.899
2024-01-25 17:43:11.531531,hn_03-23,1172.544,1559.805
2024-01-25 17:43:19.298298,hn_03-23,1175.406,1559.989
2024-01-25 17:43:27.126126,hn_03-23,1174.166,1557.706
2024-01-25 17:43:34.794794,hn_03-23,1175.149,1556.979
2024-01-25 17:43:42.426426,hn_03-23,1177.232,1554.609
2024-01-25 17:43:50.137137,hn_03-23,1174.8,1557.781
2024-01-25 17:43:57.784784,hn_03-23,1175.345,1556.722
2024-01-25 17:44:05.482482,hn_03-23,1175.668,1557.095
2024-01-25 17:44:13.142142,hn_03-23,1172.347,1563.49
2024-01-25 17:44:20.797900,hn_03-23,1176.755,1555.648
2024-01-25 17:44:28.525525,hn_03-23,1173.723,1554.221
2024-01-25 17:44:36.252500,hn_03-23,1175.473,1554.592
2024-01-25 17:44:43.989989,hn_03-23,1171.212,1563.707
2024-01-25 17:44:51.712712,hn_03-23,1175.553,1556.042
2024-01-25 17:44:59.347347,hn_03-23,1175.137,1559.546
2024-01-25 17:45:07.074074,hn_03-23,1172.627,1559.071
2024-01-25 17:45:14.880000,hn_03-23,1173.613,1558.416
2024-01-25 17:45:22.606606,hn_03-23,1173.192,1559.969
2024-01-25 17:45:30.296296,hn_03-23,1174.169,1560.432
2024-01-25 17:45:38.019019,hn_03-23,1173.109,1556.122
2024-01-25 17:45:45.757757,hn_03-23,1173.042,1559.483
2024-01-25 17:45:53.427427,hn_03-23,1175.659,1555.91
2024-01-25 17:46:01.060600,hn_03-23,1172.776,1561.83
2024-01-25 17:46:08.880000,hn_03-23,1172.125,1560.332
2024-01-25 17:46:16.468468,hn_03-23,1172.237,1560.87
2024-01-25 17:46:24.174174,hn_03-23,1171.432,1560.785
2024-01-25 17:46:31.955955,hn_03-23,1173.461,1562.363
2024-01-25 17:46:39.728728,hn_03-23,1173.637,1564.316
2024-01-25 17:46:47.454454,hn_03-23,1173.025,1562.304
2024-01-25 17:46:55.207207,hn_03-23,1176.63,1558.195
2024-01-25 17:47:02.951951,hn_03-23,1177.308,1559.036
2024-01-25 17:47:12.575700,hn_03-23,1174.344,1562.989
2024-01-25 17:47:49.165165,hn_03-23,1178.225,1558.749
2024-01-25 17:47:56.891891,hn_03-23,1176.543,1558.983
2024-01-25 17:48:04.623623,hn_03-23,1173.21,1560.269
2024-01-25 17:48:12.301301,hn_03-23,1176.799,1557.721
2024-01-25 17:48:19.995995,hn_03-23,1174.156,1558.455
2024-01-25 17:48:27.770000,hn_03-23,1174.722,1557.97
2024-01-25 17:48:35.381381,hn_03-23,1176.707,1558.216
2024-01-25 17:48:43.023023,hn_03-23,1173.625,1559.978
2024-01-25 17:48:50.859859,hn_03-23,1171.604,1558.215
2024-01-25 17:48:58.706706,hn_03-23,1179.484,1553.477
2024-01-25 17:49:06.416416,hn_03-23,1176.438,1558.442
2024-01-25 17:49:14.228228,hn_03-23,1171.425,1560.819
2024-01-25 17:49:21.989989,hn_03-23,1175.537,1557.121
2024-01-25 17:49:29.695695,hn_03-23,1172.206,1558.397
2024-01-25 17:49:37.464464,hn_03-23,1174.047,1559.249
2024-01-25 17:49:45.158158,hn_03-23,1171.398,1560.553
2024-01-25 17:49:52.837837,hn_03-23,1170.177,1562.167
2024-01-25 17:50:00.598598,hn_03-23,1173.316,1559.585
2024-01-25 17:50:08.318318,hn_03-23,1171.48,1562.431
2024-01-25 17:50:16.046046,hn_03-23,1172.707,1560.282
2024-01-25 17:50:23.797797,hn_03-23,1169.318,1565.999
2024-01-25 17:50:31.558558,hn_03-23,1169.737,1563.142
2024-01-25 17:50:39.313100,hn_03-23,1171.61,1559.559
2024-01-25 17:50:47.035035,hn_03-23,1170.81,1561.68
2024-01-25 17:50:54.815815,hn_03-23,1169.977,1561.958
2024-01-25 17:51:02.605605,hn_03-23,1169.069,1565.768
2024-01-25 17:51:10.391391,hn_03-23,1170.391,1563.475
2024-01-25 17:51:19.003003,hn_03-23,1169.387,1562.032
2024-01-25 17:51:26.735735,hn_03-23,1173.042,1563.12
2024-01-25 17:51:34.574574,hn_03-23,1170.112,1563.293
2024-01-25 17:51:42.254254,hn_03-23,1170.348,1562.771
2024-01-25 17:51:49.956956,hn_03-23,1169.98,1561.269
2024-01-25 17:51:57.694694,hn_03-23,1172.114,1562.118
2024-01-25 17:52:05.471471,hn_03-23,1173.215,1559.937
2024-01-25 17:52:13.301301,hn_03-23,1170.621,1563.043
2024-01-25 17:52:21.036036,hn_03-23,1170.286,1563.156
2024-01-25 17:52:28.778778,hn_03-23,1169.786,1565.534
2024-01-25 17:52:36.427427,hn_03-23,1171.627,1565.263
2024-01-25 17:52:44.077077,hn_03-23,1169.494,1561.897
2024-01-25 17:52:51.907907,hn_03-23,1168.903,1566.406
2024-01-25 17:52:59.621621,hn_03-23,1171.17,1566.068
2024-01-25 17:53:07.407407,hn_03-23,1172.978,1564.403
2024-01-25 17:53:15.091091,hn_03-23,1170.654,1565.431
2024-01-25 17:53:22.752752,hn_03-23,1171.311,1564.687
2024-01-25 17:53:30.399399,hn_03-23,1171.914,1564.337
2024-01-25 17:53:38.195195,hn_03-23,1172.027,1567.432
2024-01-25 17:53:45.897897,hn_03-23,1170.938,1565.018
2024-01-25 17:53:53.696900,hn_03-23,1175.355,1559.891
2024-01-25 17:54:01.316316,hn_03-23,1174.464,1560.36
2024-01-25 17:54:09.028028,hn_03-23,1176.61,1558.503
2024-01-25 17:54:16.745745,hn_03-23,1171.985,1552.964
2024-01-25 17:54:24.459459,hn_03-23,1172.929,1557.84
2024-01-25 17:54:32.202202,hn_03-23,1175.079,1558.412
2024-01-25 17:54:39.909909,hn_03-23,1174.816,1560.455
2024-01-25 17:54:47.575575,hn_03-23,1173.934,1562.198
2024-01-25 17:54:55.402402,hn_03-23,1173.394,1558.443
2024-01-25 17:55:03.193193,hn_03-23,1178.621,1559.26
2024-01-25 17:55:10.868868,hn_03-23,1178.918,1567.599
2024-01-25 17:55:18.541541,hn_03-23,1171.973,1573.028
2024-01-25 17:55:26.255255,hn_03-23,1181.483,1544.858
2024-01-25 17:55:33.916916,hn_03-23,1182.259,1546.921
2024-01-25 17:55:41.504504,hn_03-23,1178.277,1555.88
2024-01-25 17:55:49.207207,hn_03-23,1179.073,1558.046
2024-01-25 17:55:57.063063,hn_03-23,1181.475,1546.854
2024-01-25 17:56:04.722722,hn_03-23,1181.773,1551.183
2024-01-25 17:56:12.454500,hn_03-23,1182.44,1539.301
2024-01-25 17:56:20.168168,hn_03-23,1178.911,1548.719
2024-01-25 17:56:27.827827,hn_03-23,1175.177,1560.45
2024-01-25 17:56:35.496496,hn_03-23,1174.93,1568.479
2024-01-25 17:56:43.132132,hn_03-23,1180.839,1562.938
2024-01-25 17:56:50.797797,hn_03-23,1168.551,1567.005
2024-01-25 17:56:58.484800,hn_03-23,1171.163,1562.383
2024-01-25 17:57:06.131300,hn_03-23,1174.846,1566.404
2024-01-25 17:57:13.848400,hn_03-23,1175.052,1563.189
2024-01-25 17:57:21.556556,hn_03-23,1177.46,1561.236
2024-01-25 17:57:29.262262,hn_03-23,1178.165,1560.489
2024-01-25 17:57:37.028028,hn_03-23,1181.11,1548.717
2024-01-25 17:57:44.796796,hn_03-23,1182.847,1546.413
2024-01-25 17:57:52.595900,hn_03-23,1178.547,1555.166
2024-01-25 17:58:00.451451,hn_03-23,1179.503,1553.635
2024-01-25 17:58:08.203203,hn_03-23,1177.391,1546.991
2024-01-25 17:58:15.999999,hn_03-23,1181.789,1548.365
2024-01-25 17:58:23.742742,hn_03-23,1183.257,1547.238
2024-01-25 17:58:31.522522,hn_03-23,1182.954,1550.084
2024-01-25 17:58:39.278278,hn_03-23,1180.067,1545.564
2024-01-25 17:58:47.035035,hn_03-23,1181.859,1545.115
2024-01-25 17:58:54.855855,hn_03-23,1179.066,1551.626
2024-01-25 17:59:02.526526,hn_03-23,1180.251,1546.574
2024-01-25 17:59:10.242242,hn_03-23,1182.902,1550.158
2024-01-25 17:59:18.010100,hn_03-23,1181.374,1552.436
2024-01-25 17:59:25.804804,hn_03-23,1178.826,1552.824
2024-01-25 17:59:33.574574,hn_03-23,1177.672,1547.604
2024-01-25 17:59:41.220000,hn_03-23,1178.445,1546.277
2024-01-25 17:59:49.013013,hn_03-23,1181.56,1545.345
2024-01-25 17:59:56.674674,hn_03-23,1178.894,1549.057
2024-01-25 18:00:04.359359,hn_03-23,1182.323,1549.244
2024-01-25 18:00:12.071071,hn_03-23,1178.164,1545.176
2024-01-25 18:00:19.678678,hn_03-23,1183.43,1547.457
2024-01-25 18:00:27.294294,hn_03-23,1180.697,1546.069
2024-01-25 18:00:34.979979,hn_03-23,1182.334,1549.257
2024-01-25 18:00:42.655655,hn_03-23,1176.71,1548.326
2024-01-25 18:00:50.317317,hn_03-23,1180.193,1549.028
2024-01-25 18:00:57.997997,hn_03-23,1177.827,1550.099
2024-01-25 18:01:05.617617,hn_03-23,1176.499,1543.66
2024-01-25 18:01:13.247247,hn_03-23,1179.629,1547.655
2024-01-25 18:01:20.868600,hn_03-23,1178.117,1553.497
2024-01-25 18:01:28.505505,hn_03-23,1180.981,1544.607
2024-01-25 18:01:36.131300,hn_03-23,1177.236,1548.173
2024-01-25 18:01:43.964964,hn_03-23,1181.572,1546.393
2024-01-25 18:01:51.654654,hn_03-23,1178.569,1548.823
2024-01-25 18:01:59.276276,hn_03-23,1175.366,1546.719
2024-01-25 18:02:06.937937,hn_03-23,1178.488,1548.772
2024-01-25 18:02:14.711711,hn_03-23,1177.664,1548.198
2024-01-25 18:02:22.378378,hn_03-23,1180.053,1544.61
2024-01-25 18:02:30.047047,hn_03-23,1174.324,1548.169
2024-01-25 18:02:37.686686,hn_03-23,1179.264,1546.838
2024-01-25 18:02:45.365365,hn_03-23,1172.968,1544.012
2024-01-25 18:02:52.963963,hn_03-23,1179.956,1543.294
2024-01-25 18:03:00.572572,hn_03-23,1174.39,1545.336
2024-01-25 18:03:08.244244,hn_03-23,1174.375,1551.235
2024-01-25 18:03:15.879879,hn_03-23,1178.64,1544.158
2024-01-25 18:03:23.554554,hn_03-23,1170.273,1549.175
2024-01-25 18:03:31.208208,hn_03-23,1170.481,1549.136
2024-01-25 18:03:38.826826,hn_03-23,1178.831,1541.856
2024-01-25 18:03:46.514514,hn_03-23,1181.21,1542.606
2024-01-25 18:03:54.124124,hn_03-23,1166.352,1549.685
2024-01-25 18:04:01.835835,hn_03-23,1101.469,1601.392
2024-01-25 18:04:09.466466,hn_03-23,1173.159,1547.252
2024-01-25 18:04:17.102102,hn_03-23,1154.344,1571.05
2024-01-25 18:04:24.723723,hn_03-23,1170.868,1549.028
2024-01-25 18:04:32.379379,hn_03-23,1178.003,1549.657
2024-01-25 18:04:40.031031,hn_03-23,1164.122,1553.966
2024-01-25 18:04:47.711711,hn_03-23,1175.335,1551.962
2024-01-25 18:04:55.383800,hn_03-23,1171.034,1556.456
2024-01-25 18:05:03.024024,hn_03-23,1158.278,1561.097
2024-01-25 18:05:10.597597,hn_03-23,1161.943,1562.146
2024-01-25 18:05:18.304304,hn_03-23,1164.984,1556.639
2024-01-25 18:05:25.999900,hn_03-23,1154.893,1571.821
2024-01-25 18:05:33.733733,hn_03-23,1164.074,1564.446
2024-01-25 18:05:41.336336,hn_03-23,1159.278,1561.861
2024-01-25 18:05:49.003003,hn_03-23,1170.138,1551.094
2024-01-25 18:05:56.595595,hn_03-23,1156.462,1564.206
2024-01-25 18:06:04.204204,hn_03-23,1156.926,1567.47
2024-01-25 18:06:11.771771,hn_03-23,1170.138,1561.509
2024-01-25 18:06:19.419419,hn_03-23,1155.171,1572.961
2024-01-25 18:06:26.995995,hn_03-23,1165.8,1558.83
2024-01-25 18:06:34.575700,hn_03-23,1158.299,1563.041
2024-01-25 18:06:42.110000,hn_03-23,1131.857,1584.524
2024-01-25 18:06:49.686800,hn_03-23,1152.645,1568.592
2024-01-25 18:06:57.214214,hn_03-23,1150.406,1570.97
2024-01-25 18:07:04.766766,hn_03-23,1146.461,1571.247
2024-01-25 18:07:12.323200,hn_03-23,1148.036,1573.833
2024-01-25 18:07:19.869869,hn_03-23,1148.563,1574.169
2024-01-25 18:07:27.462462,hn_03-23,1118.91,1592.404
2024-01-25 18:07:34.991991,hn_03-23,1159.837,1569.977
2024-01-25 18:07:42.552552,hn_03-23,1129.895,1587.206
2024-01-25 18:07:50.139139,hn_03-23,1156.037,1561.73
2024-01-25 18:07:57.672672,hn_03-23,1149.199,1575.413
2024-01-25 18:08:05.222200,hn_03-23,1143.733,1578.45
2024-01-25 18:08:12.795795,hn_03-23,1131.193,1582.504
2024-01-25 18:08:20.338338,hn_03-23,1145.035,1575.27
2024-01-25 18:08:27.969600,hn_03-23,1111.691,1600.443
2024-01-25 18:08:35.546546,hn_03-23,1140.841,1584.677
2024-01-25 18:08:43.066066,hn_03-23,1139.09,1578.389
2024-01-25 18:08:50.784784,hn_03-23,1126.298,1588.03
2024-01-25 18:08:58.512512,hn_03-23,1152.201,1573.028
2024-01-25 18:09:06.055055,hn_03-23,1122.056,1594.682
2024-01-25 18:09:13.574574,hn_03-23,1138.958,1581.488
2024-01-25 18:09:21.172172,hn_03-23,1142.203,1585.334
2024-01-25 18:09:28.753753,hn_03-23,1156.496,1564.918
2024-01-25 18:09:36.335335,hn_03-23,1135.64,1584.227
2024-01-25 18:09:43.901901,hn_03-23,1012.325,1681.294
2024-01-25 18:09:51.487487,hn_03-23,1113.498,1596.384
2024-01-25 18:09:59.055055,hn_03-23,1124.837,1594.92
2024-01-25 18:10:06.564564,hn_03-23,1127.617,1593.15
2024-01-25 18:10:14.109109,hn_03-23,1123.883,1592.724
2024-01-25 18:10:21.722722,hn_03-23,1141.603,1578.863
2024-01-25 18:10:29.272700,hn_03-23,1146.1,1573.441
2024-01-25 18:10:36.778778,hn_03-23,1127.242,1593.894
2024-01-25 18:10:44.295295,hn_03-23,1104.331,1606.267
2024-01-25 18:10:51.865865,hn_03-23,1143.465,1574.775
2024-01-25 18:10:59.426426,hn_03-23,1117.232,1594.756
2024-01-25 18:11:06.995995,hn_03-23,1142.532,1577.343
2024-01-25 18:11:14.498498,hn_03-23,1140.634,1582.886
2024-01-25 18:11:22.033033,hn_03-23,1137.998,1583.425
2024-01-25 18:11:29.622622,hn_03-23,1114.15,1596.054
2024-01-25 18:11:37.946946,hn_03-23,1103.7,1609.252
2024-01-25 18:11:45.446446,hn_03-23,1167.591,1565.229
2024-01-25 18:11:52.999900,hn_03-23,1129.218,1587.398
2024-01-25 18:12:00.477477,hn_03-23,1122.342,1595.441
2024-01-25 18:12:08.036036,hn_03-23,1103.496,1608.904
2024-01-25 18:12:15.577577,hn_03-23,1095.503,1615.121
2024-01-25 18:12:23.101101,hn_03-23,1117.897,1597.072
2024-01-25 18:12:30.677677,hn_03-23,1125.178,1595.411
2024-01-25 18:12:38.226226,hn_03-23,1136.345,1581.105
2024-01-25 18:12:45.749749,hn_03-23,1090.409,1619.054
2024-01-25 18:12:53.228228,hn_03-23,1111.585,1602.925
2024-01-25 18:13:00.723723,hn_03-23,1117.895,1599.603
2024-01-25 18:13:08.245245,hn_03-23,1073.59,1626.541
2024-01-25 18:13:15.737300,hn_03-23,1086.69,1620.139
2024-01-25 18:13:23.198198,hn_03-23,1078.569,1626.889
2024-01-25 18:13:30.721721,hn_03-23,1088.057,1618.19
2024-01-25 18:13:38.275275,hn_03-23,1114.505,1601.951
2024-01-25 18:13:46.754754,hn_03-23,1091.005,1616.156
2024-01-25 18:13:54.218218,hn_03-23,1077.409,1625.456
2024-01-25 18:14:01.746746,hn_03-23,1125.064,1588.186
2024-01-25 18:14:09.266266,hn_03-23,1088.988,1619.638
2024-01-25 18:14:16.797900,hn_03-23,1100.264,1617.013
2024-01-25 18:14:24.306306,hn_03-23,1069.091,1629.547
2024-01-25 18:14:31.785785,hn_03-23,1081.901,1624.967
2024-01-25 18:14:39.282800,hn_03-23,1108.104,1606.823
2024-01-25 18:14:46.784784,hn_03-23,1073.198,1623.48
2024-01-25 18:14:54.252252,hn_03-23,1062.462,1636.31
2024-01-25 18:15:01.782782,hn_03-23,1071.107,1632.541
2024-01-25 18:15:09.261261,hn_03-23,1100.932,1611.941
2024-01-25 18:15:16.746746,hn_03-23,1076.286,1624.064
2024-01-25 18:15:24.277277,hn_03-23,1074.252,1628.305
2024-01-25 18:15:31.751751,hn_03-23,1063.074,1638.212
2024-01-25 18:15:39.191900,hn_03-23,1069.722,1631.314
2024-01-25 18:15:46.663663,hn_03-23,1068.528,1631.833
2024-01-25 18:15:54.148148,hn_03-23,1136.434,1582.672
2024-01-25 18:16:01.544544,hn_03-23,1068.483,1627.478
2024-01-25 18:16:09.021021,hn_03-23,1063.181,1637.722
2024-01-25 18:16:16.451451,hn_03-23,1071.335,1627.754
2024-01-25 18:16:23.905905,hn_03-23,1064.463,1634.52
2024-01-25 18:16:31.411411,hn_03-23,1064.213,1635.906
2024-01-25 18:16:38.847847,hn_03-23,1068.852,1634.175
2024-01-25 18:16:46.313313,hn_03-23,1062.937,1635.128
2024-01-25 18:16:53.739739,hn_03-23,1075.009,1627.184
2024-01-25 18:17:01.152152,hn_03-23,1077.634,1625.274
2024-01-25 18:17:08.617617,hn_03-23,1062.499,1635.563
2024-01-25 18:17:16.079079,hn_03-23,1074.827,1626.711
2024-01-25 18:17:23.503503,hn_03-23,1071.9,1631.376
2024-01-25 18:17:31.002002,hn_03-23,1108.201,1609.451
2024-01-25 18:17:38.484484,hn_03-23,1083.925,1622.877
2024-01-25 18:17:45.983983,hn_03-23,1064.296,1635.245
2024-01-25 18:17:53.458458,hn_03-23,1078.036,1621.6
2024-01-25 18:18:00.883883,hn_03-23,1062.207,1636.668
2024-01-25 18:18:08.316316,hn_03-23,1064.83,1637.116
2024-01-25 18:18:15.734734,hn_03-23,1063.001,1637.678
2024-01-25 18:18:23.116116,hn_03-23,1062.997,1635.669
2024-01-25 18:18:30.585800,hn_03-23,1062.374,1641.76
2024-01-25 18:18:38.052052,hn_03-23,1075.146,1629.056
2024-01-25 18:18:45.466466,hn_03-23,1073.937,1626.798
2024-01-25 18:18:53.111111,hn_03-23,1061.961,1640.611
2024-01-25 18:19:00.888800,hn_03-23,1063.829,1635.502
2024-01-25 18:19:08.378378,hn_03-23,1063.201,1635.696
2024-01-25 18:19:15.878878,hn_03-23,1062.425,1639.321
2024-01-25 18:19:23.376376,hn_03-23,1063.514,1636.513
2024-01-25 18:19:30.885885,hn_03-23,1076.972,1626.292
2024-01-25 18:19:38.377377,hn_03-23,1062.654,1636.422
2024-01-25 18:19:45.826826,hn_03-23,1061.696,1639.453
2024-01-25 18:19:53.243243,hn_03-23,1064.781,1633.597
2024-01-25 18:20:00.749749,hn_03-23,1063.352,1637.564
2024-01-25 18:20:08.285285,hn_03-23,1063.634,1641.166
2024-01-25 18:20:15.714714,hn_03-23,1064.183,1633.787
2024-01-25 18:20:23.125125,hn_03-23,1063.087,1638.165
2024-01-25 18:20:30.627627,hn_03-23,1062.889,1633.259
2024-01-25 18:20:38.108108,hn_03-23,1073.071,1627.073
2024-01-25 18:20:45.483483,hn_03-23,1063.844,1639.989
2024-01-25 18:20:52.987987,hn_03-23,1064.601,1639.734
2024-01-25 18:21:00.462462,hn_03-23,1063.056,1634.918
2024-01-25 18:21:07.929929,hn_03-23,1063.041,1641.548
2024-01-25 18:21:15.353500,hn_03-23,1063.421,1633.635
2024-01-25 18:21:22.749749,hn_03-23,1064.613,1636.47
2024-01-25 18:21:30.218218,hn_03-23,1062.119,1634.11
2024-01-25 18:21:37.714714,hn_03-23,1063.161,1644.717
2024-01-25 18:21:45.208208,hn_03-23,1062.45,1635.166
2024-01-25 18:21:52.689689,hn_03-23,1071.819,1627.718
2024-01-25 18:22:00.102102,hn_03-23,1063.748,1637.567
2024-01-25 18:22:07.482482,hn_03-23,1065.168,1642.752
2024-01-25 18:22:14.906906,hn_03-23,1063.865,1640.836
2024-01-25 18:22:22.359359,hn_03-23,1063.822,1635.206
2024-01-25 18:22:29.773773,hn_03-23,1060.94,1631.732
2024-01-25 18:22:37.224224,hn_03-23,1063.337,1638.813
2024-01-25 18:22:44.575575,hn_03-23,1062.862,1644.302
2024-01-25 18:22:51.932932,hn_03-23,1064.814,1639.311
2024-01-25 18:22:59.317317,hn_03-23,1064.95,1643.155
2024-01-25 18:23:06.698698,hn_03-23,1063.228,1638.275
2024-01-25 18:23:14.090900,hn_03-23,1062.948,1648.308
2024-01-25 18:23:21.494900,hn_03-23,1063.992,1640.617
2024-01-25 18:23:28.911911,hn_03-23,1062.827,1637.629
2024-01-25 18:23:36.315315,hn_03-23,1063.783,1633.889
2024-01-25 18:23:43.724724,hn_03-23,1062.429,1648.566
2024-01-25 18:23:51.043043,hn_03-23,1064.63,1638.078
2024-01-25 18:23:58.408408,hn_03-23,1063.14,1637.494
2024-01-25 18:24:05.822822,hn_03-23,1063.875,1638.089
2024-01-25 18:24:13.214214,hn_03-23,1061.299,1636.676
2024-01-25 18:24:20.564564,hn_03-23,1067.392,1653.399
2024-01-25 18:24:27.869869,hn_03-23,1064.699,1639.459
2024-01-25 18:24:35.287287,hn_03-23,1062.928,1646.502
2024-01-25 18:24:42.644644,hn_03-23,1062.972,1640.274
2024-01-25 18:24:50.017017,hn_03-23,1063.099,1651.357
2024-01-25 18:24:57.343343,hn_03-23,1062.804,1635.71
2024-01-25 18:25:04.754754,hn_03-23,1062.822,1639.489
2024-01-25 18:25:12.214214,hn_03-23,1067.223,1656.733
2024-01-25 18:25:19.616616,hn_03-23,1062.575,1637.056
2024-01-25 18:25:26.998998,hn_03-23,1065.532,1637.321
2024-01-25 18:25:34.433433,hn_03-23,1063.366,1642.354
2024-01-25 18:25:41.776776,hn_03-23,1063.443,1657.347
2024-01-25 18:25:49.073073,hn_03-23,1062.963,1647.373
2024-01-25 18:25:56.438438,hn_03-23,1065.018,1635.647
2024-01-25 18:26:03.866866,hn_03-23,1067.458,1661.625
2024-01-25 18:26:11.176176,hn_03-23,1062.707,1644.775
2024-01-25 18:26:18.576576,hn_03-23,1061.727,1644.926
2024-01-25 18:26:25.953953,hn_03-23,1064.091,1640.512
2024-01-25 18:26:33.337337,hn_03-23,1089.411,1652.717
2024-01-25 18:26:40.636636,hn_03-23,1063.737,1641.164
2024-01-25 18:26:47.961961,hn_03-23,1063.323,1635.438
2024-01-25 18:26:55.414414,hn_03-23,1065.521,1633.636
2024-01-25 18:27:02.847847,hn_03-23,1064.989,1633.371
2024-01-25 18:27:10.329329,hn_03-23,1062.534,1633.98
2024-01-25 18:27:17.713713,hn_03-23,1063.763,1641.362
2024-01-25 18:27:25.084084,hn_03-23,1084.201,1636.384
2024-01-25 18:27:32.448448,hn_03-23,1059.656,1639.633
2024-01-25 18:27:39.878878,hn_03-23,1071.376,1636.676
2024-01-25 18:27:47.258258,hn_03-23,1067.525,1632.906
2024-01-25 18:27:54.564564,hn_03-23,1060.786,1645.861
2024-01-25 18:28:01.919919,hn_03-23,1061.792,1654.193
2024-01-25 18:28:09.243243,hn_03-23,1063.113,1644.16
2024-01-25 18:28:16.648648,hn_03-23,1059.971,1647.786
2024-01-25 18:28:23.997997,hn_03-23,1066.527,1633.357
2024-01-25 18:28:31.294294,hn_03-23,1061.175,1633.415
2024-01-25 18:28:38.621621,hn_03-23,1069.368,1645.789
2024-01-25 18:28:45.943943,hn_03-23,1061.125,1641.53
2024-01-25 18:28:53.232300,hn_03-23,1061.43,1641.02
2024-01-25 18:29:00.488488,hn_03-23,1045.338,1636.765
2024-01-25 18:29:07.816816,hn_03-23,1064.124,1645.65
2024-01-25 18:29:15.174174,hn_03-23,1062.351,1647.083
2024-01-25 18:29:22.484484,hn_03-23,1062.914,1630.979
2024-01-25 18:29:29.827827,hn_03-23,1063.925,1655.567
2024-01-25 18:29:37.151500,hn_03-23,1097.853,1633.287
2024-01-25 18:29:44.498498,hn_03-23,1063.69,1649.306
2024-01-25 18:29:51.852852,hn_03-23,1066.248,1647.255
2024-01-25 18:29:59.197197,hn_03-23,1063.106,1639.079
2024-01-25 18:30:06.585800,hn_03-23,1063.813,1636.93
2024-01-25 18:30:13.868868,hn_03-23,1062.768,1635.974
2024-01-25 18:30:21.241241,hn_03-23,1067.68,1636.078
2024-01-25 18:30:28.568568,hn_03-23,1060.049,1647.896
2024-01-25 18:30:35.927927,hn_03-23,1079.444,1623.611
2024-01-25 18:30:43.262600,hn_03-23,908.945,1747.638
2024-01-25 18:30:50.669669,hn_03-23,1063.011,1639.898
2024-01-25 18:30:58.063063,hn_03-23,1082.516,1635.632
2024-01-25 18:31:05.373373,hn_03-23,1064.223,1651.802
2024-01-25 18:31:12.699699,hn_03-23,1064.816,1659.075
2024-01-25 18:31:20.015015,hn_03-23,1063.51,1648.162
2024-01-25 18:31:27.397397,hn_03-23,1063.669,1655.526
2024-01-25 18:31:34.694694,hn_03-23,1064.428,1638.36
2024-01-25 18:31:42.037037,hn_03-23,1061.394,1644.405
2024-01-25 18:31:49.328328,hn_03-23,1055.433,1636.77
2024-01-25 18:31:56.604604,hn_03-23,1067.43,1655.15
2024-01-25 18:32:03.938938,hn_03-23,1063.688,1638.104
2024-01-25 18:32:11.323200,hn_03-23,1065.034,1657.29
2024-01-25 18:32:18.649649,hn_03-23,1190.5,1627.5
2024-01-25 18:32:25.963963,hn_03-23,1072.23,1654.352
2024-01-25 18:32:33.221221,hn_03-23,1060.922,1649.855
2024-01-25 18:32:40.596596,hn_03-23,1064.69,1644.631
2024-01-25 18:32:48.043043,hn_03-23,1061.643,1650.096
2024-01-25 18:32:55.348348,hn_03-23,1190.5,1634.5
2024-01-25 18:33:02.613613,hn_03-23,1068.879,1658.492
2024-01-25 18:33:09.929929,hn_03-23,1064.203,1654.133
2024-01-25 18:33:17.228228,hn_03-23,1064.805,1652.05
2024-01-25 18:33:24.491491,hn_03-23,1064.351,1641.359
2024-01-25 18:33:31.784784,hn_03-23,1098.909,1635.78
2024-01-25 18:33:39.067067,hn_03-23,1066.55,1635.248
2024-01-25 18:33:46.332332,hn_03-23,1060.644,1644.277
2024-01-25 18:33:53.666600,hn_03-23,1075.751,1633.185
2024-01-25 18:34:00.908908,hn_03-23,1072.227,1636.57
2024-01-25 18:34:08.286286,hn_03-23,1062.904,1638.718
2024-01-25 18:34:15.585800,hn_03-23,1067.137,1642.907
2024-01-25 18:34:22.885885,hn_03-23,1061.026,1642.455
2024-01-25 18:34:30.233233,hn_03-23,1062.534,1640.85
2024-01-25 18:34:37.601601,hn_03-23,866.0,1455.0
2024-01-25 18:34:44.807807,hn_03-23,1062.192,1642.694
2024-01-25 18:34:52.073073,hn_03-23,1065.706,1656.807
2024-01-25 18:34:59.408408,hn_03-23,1065.832,1652.266
2024-01-25 18:35:06.697697,hn_03-23,1063.26,1645.033
2024-01-25 18:35:14.046046,hn_03-23,1064.711,1641.807
2024-01-25 18:35:21.424200,hn_03-23,1065.613,1651.335
2024-01-25 18:35:28.828828,hn_03-23,1066.15,1645.213
2024-01-25 18:35:36.115115,hn_03-23,1065.431,1649.623
2024-01-25 18:35:43.407407,hn_03-23,866.0,1455.0
2024-01-25 18:35:50.696696,hn_03-23,1063.428,1646.344
2024-01-25 18:35:58.005005,hn_03-23,1065.696,1636.193
2024-01-25 18:36:05.292292,hn_03-23,1192.5,1637.5
2024-01-25 18:36:12.606606,hn_03-23,1048.825,1662.212
2024-01-25 18:36:19.945945,hn_03-23,1061.08,1637.964
2024-01-25 18:36:27.234234,hn_03-23,1064.868,1659.125
2024-01-25 18:36:34.566566,hn_03-23,1063.966,1659.091
2024-01-25 18:36:41.859859,hn_03-23,1063.778,1644.11
2024-01-25 18:36:49.239239,hn_03-23,1064.733,1663.067
2024-01-25 18:36:56.558558,hn_03-23,1067.401,1641.632
2024-01-25 18:37:03.869869,hn_03-23,1069.214,1636.108
2024-01-25 18:37:11.232232,hn_03-23,1060.803,1653.039
2024-01-25 18:37:18.605605,hn_03-23,1064.255,1648.778
2024-01-25 18:37:25.947947,hn_03-23,1058.176,1636.188
2024-01-25 18:37:33.211211,hn_03-23,1087.4,1635.687
2024-01-25 18:37:40.529529,hn_03-23,1063.387,1639.291
2024-01-25 18:37:47.919100,hn_03-23,1067.076,1636.267
2024-01-25 18:37:55.291291,hn_03-23,1066.794,1645.413
2024-01-25 18:38:02.667667,hn_03-23,1063.915,1646.153
2024-01-25 18:38:10.032032,hn_03-23,1062.386,1642.823
2024-01-25 18:38:17.463463,hn_03-23,1064.423,1640.898
2024-01-25 18:38:24.766766,hn_03-23,866.0,1455.0
2024-01-25 18:38:31.997997,hn_03-23,1062.67,1642.371
2024-01-25 18:38:39.308308,hn_03-23,1059.494,1637.36
2024-01-25 18:38:46.633633,hn_03-23,1068.764,1636.007
2024-01-25 18:38:53.893893,hn_03-23,866.0,1455.0
2024-01-25 18:39:01.107107,hn_03-23,1062.713,1642.109
2024-01-25 18:39:08.502502,hn_03-23,1060.699,1638.872
2024-01-25 18:39:15.838300,hn_03-23,1058.863,1643.55
2024-01-25 18:39:23.113113,hn_03-23,1064.743,1654.217
2024-01-25 18:39:30.517517,hn_03-23,1064.486,1650.644
2024-01-25 18:39:37.875875,hn_03-23,1064.029,1644.517
2024-01-25 18:39:45.318318,hn_03-23,866.0,1455.0
2024-01-25 18:39:52.545400,hn_03-23,1058.791,1644.967
2024-01-25 18:39:59.828828,hn_03-23,1059.714,1656.454
2024-01-25 18:40:07.163163,hn_03-23,1063.03,1659.432
2024-01-25 18:40:14.626200,hn_03-23,1063.188,1637.327
2024-01-25 18:40:22.416416,hn_03-23,1064.984,1657.786
2024-01-25 18:40:30.161600,hn_03-23,866.0,1455.0
2024-01-25 18:40:37.486486,hn_03-23,1062.745,1645.647
2024-01-25 18:40:44.768768,hn_03-23,1060.878,1644.332
2024-01-25 18:40:52.070700,hn_03-23,1065.265,1647.87
2024-01-25 18:40:59.407407,hn_03-23,1065.367,1649.468
2024-01-25 18:41:06.695695,hn_03-23,1062.498,1643.979
2024-01-25 18:41:14.172172,hn_03-23,1071.234,1654.411
2024-01-25 18:41:21.463463,hn_03-23,1065.239,1646.662
2024-01-25 18:41:28.801801,hn_03-23,1062.048,1657.042
2024-01-25 18:41:36.114114,hn_03-23,1059.877,1635.486
2024-01-25 18:41:43.412412,hn_03-23,1065.993,1655.769
2024-01-25 18:41:50.737737,hn_03-23,1065.097,1650.652
2024-01-25 18:41:58.024024,hn_03-23,866.0,1455.0
2024-01-25 18:42:05.296296,hn_03-23,1063.684,1638.208
2024-01-25 18:42:12.616616,hn_03-23,1062.861,1649.651
2024-01-25 18:42:19.939300,hn_03-23,1061.639,1656.9
2024-01-25 18:42:27.276276,hn_03-23,1050.17,1636.557
2024-01-25 18:42:34.618618,hn_03-23,866.0,1455.0
2024-01-25 18:42:41.917917,hn_03-23,1061.434,1641.373
2024-01-25 18:42:49.321321,hn_03-23,1065.259,1651.104
2024-01-25 18:42:56.797900,hn_03-23,1066.24,1657.985
2024-01-25 18:43:04.175175,hn_03-23,1061.606,1639.613
2024-01-25 18:43:11.548548,hn_03-23,1058.628,1652.083
2024-01-25 18:43:18.904904,hn_03-23,1062.062,1656.792
2024-01-25 18:43:26.229229,hn_03-23,1063.335,1648.264
2024-01-25 18:43:33.556556,hn_03-23,1063.516,1649.138
2024-01-25 18:43:40.897897,hn_03-23,1065.691,1645.086
2024-01-25 18:43:48.249249,hn_03-23,1067.746,1660.557
2024-01-25 18:43:55.675675,hn_03-23,1067.502,1644.106
2024-01-25 18:44:03.034034,hn_03-23,1065.15,1648.045
2024-01-25 18:44:10.551551,hn_03-23,1065.15,1647.683
2024-01-25 18:44:17.922922,hn_03-23,1065.943,1647.1
2024-01-25 18:44:25.229229,hn_03-23,1064.063,1652.165
2024-01-25 18:44:32.556556,hn_03-23,1061.062,1643.103
2024-01-25 18:44:39.872872,hn_03-23,1067.921,1660.591
2024-01-25 18:44:47.198198,hn_03-23,866.0,1455.0
2024-01-25 18:44:54.568568,hn_03-23,1062.079,1637.023
2024-01-25 18:45:01.899899,hn_03-23,1065.346,1638.052
2024-01-25 18:45:09.229229,hn_03-23,1057.91,1647.782
2024-01-25 18:45:16.572572,hn_03-23,1067.158,1656.071
2024-01-25 18:45:23.906906,hn_03-23,866.0,1455.0
2024-01-25 18:45:31.204204,hn_03-23,1061.452,1662.6
2024-01-25 18:45:38.556556,hn_03-23,866.0,1455.0
2024-01-25 18:45:45.766766,hn_03-23,1074.729,1629.976
2024-01-25 18:45:53.081081,hn_03-23,1052.103,1648.46
2024-01-25 18:46:00.377377,hn_03-23,866.0,1455.0
2024-01-25 18:46:07.660000,hn_03-23,1061.447,1651.475
2024-01-25 18:46:14.959500,hn_03-23,866.0,1455.0
2024-01-25 18:46:22.179179,hn_03-23,1062.997,1655.826
2024-01-25 18:46:29.476476,hn_03-23,1061.069,1644.148
2024-01-25 18:46:36.786786,hn_03-23,866.0,1455.0
2024-01-25 18:46:44.020200,hn_03-23,1064.858,1642.103
2024-01-25 18:46:51.385385,hn_03-23,1065.156,1657.435
2024-01-25 18:46:58.727200,hn_03-23,1063.814,1643.86
2024-01-25 18:47:06.066066,hn_03-23,1065.7,1659.263
2024-01-25 18:47:13.355355,hn_03-23,1189.577,1638.077
2024-01-25 18:47:20.616100,hn_03-23,1063.374,1638.247
2024-01-25 18:47:27.916916,hn_03-23,1062.939,1644.629
2024-01-25 18:47:35.241241,hn_03-23,866.0,1455.0
2024-01-25 18:47:42.477477,hn_03-23,1064.435,1654.015
2024-01-25 18:47:49.866866,hn_03-23,1073.355,1654.934
2024-01-25 18:47:57.103103,hn_03-23,1060.275,1656.836
2024-01-25 18:48:04.375375,hn_03-23,866.0,1455.0
2024-01-25 18:48:11.741741,hn_03-23,866.0,1455.0
2024-01-25 18:48:18.983983,hn_03-23,1063.959,1649.976
2024-01-25 18:48:26.294294,hn_03-23,1058.215,1637.082
2024-01-25 18:48:33.633633,hn_03-23,866.0,1455.0
2024-01-25 18:48:41.042042,hn_03-23,1065.355,1659.472
2024-01-25 18:48:48.372372,hn_03-23,1065.557,1642.355
2024-01-25 18:48:55.702702,hn_03-23,1055.483,1654.453
2024-01-25 18:49:03.010100,hn_03-23,866.0,1455.0
2024-01-25 18:49:10.393393,hn_03-23,1065.358,1654.869
2024-01-25 18:49:17.761761,hn_03-23,1045.306,1638.002
2024-01-25 18:49:25.066066,hn_03-23,1063.912,1661.536
2024-01-25 18:49:32.437437,hn_03-23,939.688,1644.781
2024-01-25 18:49:39.727727,hn_03-23,1066.464,1661.675
2024-01-25 18:49:47.080800,hn_03-23,1058.516,1638.135
2024-01-25 18:49:54.399399,hn_03-23,866.0,1455.0
2024-01-25 18:50:01.848400,hn_03-23,1191.5,1638.5
2024-01-25 18:50:09.212100,hn_03-23,1063.607,1647.036
2024-01-25 18:50:16.617617,hn_03-23,1061.928,1640.253
2024-01-25 18:50:23.953953,hn_03-23,1064.821,1646.287
2024-01-25 18:50:31.295295,hn_03-23,1071.823,1650.736
2024-01-25 18:50:38.675675,hn_03-23,1063.127,1645.477
2024-01-25 18:50:46.021021,hn_03-23,1067.003,1644.049
2024-01-25 18:50:53.411411,hn_03-23,1062.25,1654.478
2024-01-25 18:51:00.821821,hn_03-23,1058.678,1647.448
2024-01-25 18:51:08.207207,hn_03-23,1059.586,1647.914
2024-01-25 18:51:15.563563,hn_03-23,1059.467,1635.985
2024-01-25 18:51:22.943943,hn_03-23,1189.7,1636.8
2024-01-25 18:51:30.294294,hn_03-23,1063.588,1651.613
2024-01-25 18:51:37.635635,hn_03-23,1065.027,1642.035
2024-01-25 18:51:44.896896,hn_03-23,1074.085,1658.521
2024-01-25 18:51:52.213213,hn_03-23,1059.418,1649.412
2024-01-25 18:51:59.568568,hn_03-23,1066.247,1642.514
2024-01-25 18:52:06.903903,hn_03-23,1191.0,1637.5
2024-01-25 18:52:14.271271,hn_03-23,866.0,1455.0
2024-01-25 18:52:21.541541,hn_03-23,1074.104,1652.11
2024-01-25 18:52:28.807807,hn_03-23,866.0,1455.0
2024-01-25 18:52:36.038038,hn_03-23,1066.418,1661.682
2024-01-25 18:52:43.475475,hn_03-23,866.0,1455.0
2024-01-25 18:52:50.788788,hn_03-23,1065.921,1646.411
2024-01-25 18:52:58.202202,hn_03-23,866.0,1455.0
2024-01-25 18:53:05.541541,hn_03-23,1071.954,1661.346
2024-01-25 18:53:12.931931,hn_03-23,1193.0,1636.0
2024-01-25 18:53:20.202202,hn_03-23,1068.284,1661.339
2024-01-25 18:53:27.569569,hn_03-23,866.0,1455.0
2024-01-25 18:53:34.846846,hn_03-23,1067.78,1651.752
2024-01-25 18:53:42.173173,hn_03-23,1066.479,1634.967
2024-01-25 18:53:49.457457,hn_03-23,1072.488,1661.132
2024-01-25 18:53:56.798798,hn_03-23,1063.143,1647.093
2024-01-25 18:54:04.157157,hn_03-23,866.0,1455.0
2024-01-25 18:54:11.439439,hn_03-23,866.0,1455.0
2024-01-25 18:54:18.694694,hn_03-23,1066.692,1651.345
2024-01-25 18:54:26.043043,hn_03-23,1064.799,1651.352
2024-01-25 18:54:33.369369,hn_03-23,1068.982,1652.565
2024-01-25 18:54:40.708708,hn_03-23,1064.667,1653.517
2024-01-25 18:54:48.000000,hn_03-23,1063.899,1663.139
2024-01-25 18:54:55.407407,hn_03-23,866.0,1455.0
2024-01-25 18:55:02.687687,hn_03-23,1064.187,1656.07
2024-01-25 18:55:09.991991,hn_03-23,866.0,1455.0
2024-01-25 18:55:17.297297,hn_03-23,1066.074,1639.017
2024-01-25 18:55:24.667667,hn_03-23,866.0,1455.0
2024-01-25 18:55:31.962962,hn_03-23,866.0,1455.0
2024-01-25 18:55:39.242242,hn_03-23,1065.07,1646.211
2024-01-25 18:55:46.571571,hn_03-23,1065.039,1646.467
2024-01-25 18:55:54.039039,hn_03-23,1082.494,1628.104
2024-01-25 18:56:01.359359,hn_03-23,1062.572,1653.687
2024-01-25 18:56:08.767767,hn_03-23,1081.66,1637.639
2024-01-25 18:56:16.103103,hn_03-23,1060.715,1640.112
2024-01-25 18:56:23.425425,hn_03-23,1097.501,1633.762
2024-01-25 18:56:30.707707,hn_03-23,866.0,1455.0
2024-01-25 18:56:37.956956,hn_03-23,1076.422,1635.359
2024-01-25 18:56:45.343400,hn_03-23,1065.052,1661.885
2024-01-25 18:56:52.718718,hn_03-23,1092.107,1634.286
2024-01-25 18:57:00.067067,hn_03-23,866.0,1455.0
2024-01-25 18:57:07.374374,hn_03-23,1065.849,1657.149
2024-01-25 18:57:14.757500,hn_03-23,866.0,1455.0
2024-01-25 18:57:21.988988,hn_03-23,1067.258,1639.876
2024-01-25 18:57:29.353353,hn_03-23,1066.298,1656.189
2024-01-25 18:57:36.669669,hn_03-23,1063.917,1641.074
2024-01-25 18:57:44.047047,hn_03-23,866.0,1455.0
2024-01-25 18:57:51.386386,hn_03-23,1063.899,1651.558
2024-01-25 18:57:58.745745,hn_03-23,1064.481,1641.982
2024-01-25 18:58:06.157157,hn_03-23,1058.055,1637.535
2024-01-25 18:58:13.501501,hn_03-23,1062.418,1640.119
2024-01-25 18:58:20.909909,hn_03-23,1086.361,1650.918
2024-01-25 18:58:28.243243,hn_03-23,1058.539,1659.906
2024-01-25 18:58:35.546546,hn_03-23,1067.349,1635.787
2024-01-25 18:58:42.829829,hn_03-23,1062.771,1643.898
2024-01-25 18:58:50.225225,hn_03-23,1057.658,1635.731
2024-01-25 18:58:57.535535,hn_03-23,1036.5,1748.5
2024-01-25 18:59:04.973973,hn_03-23,866.0,1455.0
2024-01-25 18:59:12.222200,hn_03-23,1059.947,1628.872
2024-01-25 18:59:19.577577,hn_03-23,866.0,1455.0
2024-01-25 18:59:26.989800,hn_03-23,1193.086,1638.145
2024-01-25 18:59:34.237237,hn_03-23,866.0,1455.0
2024-01-25 18:59:41.535300,hn_03-23,1073.854,1635.873
2024-01-25 18:59:48.849849,hn_03-23,1062.531,1642.781
2024-01-25 18:59:56.251251,hn_03-23,1071.322,1637.067
